--
-- PostgreSQL database dump
--

-- Dumped from database version 16.2
-- Dumped by pg_dump version 16.2

SET statement_timeout = 0;
SET lock_timeout = 0;
SET idle_in_transaction_session_timeout = 0;
SET client_encoding = 'UTF8';
SET standard_conforming_strings = on;
SELECT pg_catalog.set_config('search_path', '', false);
SET check_function_bodies = false;
SET xmloption = content;
SET client_min_messages = warning;
SET row_security = off;

SET default_tablespace = '';

SET default_table_access_method = heap;

--
-- Name: auth_group; Type: TABLE; Schema: public; Owner: django_admin
--

CREATE TABLE public.auth_group (
    id integer NOT NULL,
    name character varying(150) NOT NULL
);


ALTER TABLE public.auth_group OWNER TO django_admin;

--
-- Name: auth_group_id_seq; Type: SEQUENCE; Schema: public; Owner: django_admin
--

ALTER TABLE public.auth_group ALTER COLUMN id ADD GENERATED BY DEFAULT AS IDENTITY (
    SEQUENCE NAME public.auth_group_id_seq
    START WITH 1
    INCREMENT BY 1
    NO MINVALUE
    NO MAXVALUE
    CACHE 1
);


--
-- Name: auth_group_permissions; Type: TABLE; Schema: public; Owner: django_admin
--

CREATE TABLE public.auth_group_permissions (
    id bigint NOT NULL,
    group_id integer NOT NULL,
    permission_id integer NOT NULL
);


ALTER TABLE public.auth_group_permissions OWNER TO django_admin;

--
-- Name: auth_group_permissions_id_seq; Type: SEQUENCE; Schema: public; Owner: django_admin
--

ALTER TABLE public.auth_group_permissions ALTER COLUMN id ADD GENERATED BY DEFAULT AS IDENTITY (
    SEQUENCE NAME public.auth_group_permissions_id_seq
    START WITH 1
    INCREMENT BY 1
    NO MINVALUE
    NO MAXVALUE
    CACHE 1
);


--
-- Name: auth_permission; Type: TABLE; Schema: public; Owner: django_admin
--

CREATE TABLE public.auth_permission (
    id integer NOT NULL,
    name character varying(255) NOT NULL,
    content_type_id integer NOT NULL,
    codename character varying(100) NOT NULL
);


ALTER TABLE public.auth_permission OWNER TO django_admin;

--
-- Name: auth_permission_id_seq; Type: SEQUENCE; Schema: public; Owner: django_admin
--

ALTER TABLE public.auth_permission ALTER COLUMN id ADD GENERATED BY DEFAULT AS IDENTITY (
    SEQUENCE NAME public.auth_permission_id_seq
    START WITH 1
    INCREMENT BY 1
    NO MINVALUE
    NO MAXVALUE
    CACHE 1
);


--
-- Name: auth_user; Type: TABLE; Schema: public; Owner: django_admin
--

CREATE TABLE public.auth_user (
    id integer NOT NULL,
    password character varying(128) NOT NULL,
    last_login timestamp with time zone,
    is_superuser boolean NOT NULL,
    username character varying(150) NOT NULL,
    first_name character varying(150) NOT NULL,
    last_name character varying(150) NOT NULL,
    email character varying(254) NOT NULL,
    is_staff boolean NOT NULL,
    is_active boolean NOT NULL,
    date_joined timestamp with time zone NOT NULL
);


ALTER TABLE public.auth_user OWNER TO django_admin;

--
-- Name: auth_user_groups; Type: TABLE; Schema: public; Owner: django_admin
--

CREATE TABLE public.auth_user_groups (
    id bigint NOT NULL,
    user_id integer NOT NULL,
    group_id integer NOT NULL
);


ALTER TABLE public.auth_user_groups OWNER TO django_admin;

--
-- Name: auth_user_groups_id_seq; Type: SEQUENCE; Schema: public; Owner: django_admin
--

ALTER TABLE public.auth_user_groups ALTER COLUMN id ADD GENERATED BY DEFAULT AS IDENTITY (
    SEQUENCE NAME public.auth_user_groups_id_seq
    START WITH 1
    INCREMENT BY 1
    NO MINVALUE
    NO MAXVALUE
    CACHE 1
);


--
-- Name: auth_user_id_seq; Type: SEQUENCE; Schema: public; Owner: django_admin
--

ALTER TABLE public.auth_user ALTER COLUMN id ADD GENERATED BY DEFAULT AS IDENTITY (
    SEQUENCE NAME public.auth_user_id_seq
    START WITH 1
    INCREMENT BY 1
    NO MINVALUE
    NO MAXVALUE
    CACHE 1
);


--
-- Name: auth_user_user_permissions; Type: TABLE; Schema: public; Owner: django_admin
--

CREATE TABLE public.auth_user_user_permissions (
    id bigint NOT NULL,
    user_id integer NOT NULL,
    permission_id integer NOT NULL
);


ALTER TABLE public.auth_user_user_permissions OWNER TO django_admin;

--
-- Name: auth_user_user_permissions_id_seq; Type: SEQUENCE; Schema: public; Owner: django_admin
--

ALTER TABLE public.auth_user_user_permissions ALTER COLUMN id ADD GENERATED BY DEFAULT AS IDENTITY (
    SEQUENCE NAME public.auth_user_user_permissions_id_seq
    START WITH 1
    INCREMENT BY 1
    NO MINVALUE
    NO MAXVALUE
    CACHE 1
);


--
-- Name: django_admin_log; Type: TABLE; Schema: public; Owner: django_admin
--

CREATE TABLE public.django_admin_log (
    id integer NOT NULL,
    action_time timestamp with time zone NOT NULL,
    object_id text,
    object_repr character varying(200) NOT NULL,
    action_flag smallint NOT NULL,
    change_message text NOT NULL,
    content_type_id integer,
    user_id integer NOT NULL,
    CONSTRAINT django_admin_log_action_flag_check CHECK ((action_flag >= 0))
);


ALTER TABLE public.django_admin_log OWNER TO django_admin;

--
-- Name: django_admin_log_id_seq; Type: SEQUENCE; Schema: public; Owner: django_admin
--

ALTER TABLE public.django_admin_log ALTER COLUMN id ADD GENERATED BY DEFAULT AS IDENTITY (
    SEQUENCE NAME public.django_admin_log_id_seq
    START WITH 1
    INCREMENT BY 1
    NO MINVALUE
    NO MAXVALUE
    CACHE 1
);


--
-- Name: django_content_type; Type: TABLE; Schema: public; Owner: django_admin
--

CREATE TABLE public.django_content_type (
    id integer NOT NULL,
    app_label character varying(100) NOT NULL,
    model character varying(100) NOT NULL
);


ALTER TABLE public.django_content_type OWNER TO django_admin;

--
-- Name: django_content_type_id_seq; Type: SEQUENCE; Schema: public; Owner: django_admin
--

ALTER TABLE public.django_content_type ALTER COLUMN id ADD GENERATED BY DEFAULT AS IDENTITY (
    SEQUENCE NAME public.django_content_type_id_seq
    START WITH 1
    INCREMENT BY 1
    NO MINVALUE
    NO MAXVALUE
    CACHE 1
);


--
-- Name: django_migrations; Type: TABLE; Schema: public; Owner: django_admin
--

CREATE TABLE public.django_migrations (
    id bigint NOT NULL,
    app character varying(255) NOT NULL,
    name character varying(255) NOT NULL,
    applied timestamp with time zone NOT NULL
);


ALTER TABLE public.django_migrations OWNER TO django_admin;

--
-- Name: django_migrations_id_seq; Type: SEQUENCE; Schema: public; Owner: django_admin
--

ALTER TABLE public.django_migrations ALTER COLUMN id ADD GENERATED BY DEFAULT AS IDENTITY (
    SEQUENCE NAME public.django_migrations_id_seq
    START WITH 1
    INCREMENT BY 1
    NO MINVALUE
    NO MAXVALUE
    CACHE 1
);


--
-- Name: django_session; Type: TABLE; Schema: public; Owner: django_admin
--

CREATE TABLE public.django_session (
    session_key character varying(40) NOT NULL,
    session_data text NOT NULL,
    expire_date timestamp with time zone NOT NULL
);


ALTER TABLE public.django_session OWNER TO django_admin;

--
-- Name: news_app_article; Type: TABLE; Schema: public; Owner: django_admin
--

CREATE TABLE public.news_app_article (
    id bigint NOT NULL,
    title character varying(100) NOT NULL,
    published_date timestamp with time zone NOT NULL,
    content text NOT NULL,
    image character varying(100)
);


ALTER TABLE public.news_app_article OWNER TO django_admin;

--
-- Name: news_app_article_id_seq; Type: SEQUENCE; Schema: public; Owner: django_admin
--

ALTER TABLE public.news_app_article ALTER COLUMN id ADD GENERATED BY DEFAULT AS IDENTITY (
    SEQUENCE NAME public.news_app_article_id_seq
    START WITH 1
    INCREMENT BY 1
    NO MINVALUE
    NO MAXVALUE
    CACHE 1
);


--
-- Name: news_app_article_tags; Type: TABLE; Schema: public; Owner: django_admin
--

CREATE TABLE public.news_app_article_tags (
    id bigint NOT NULL,
    article_id bigint NOT NULL,
    tag_id bigint NOT NULL
);


ALTER TABLE public.news_app_article_tags OWNER TO django_admin;

--
-- Name: news_app_article_tags_id_seq; Type: SEQUENCE; Schema: public; Owner: django_admin
--

ALTER TABLE public.news_app_article_tags ALTER COLUMN id ADD GENERATED BY DEFAULT AS IDENTITY (
    SEQUENCE NAME public.news_app_article_tags_id_seq
    START WITH 1
    INCREMENT BY 1
    NO MINVALUE
    NO MAXVALUE
    CACHE 1
);


--
-- Name: news_app_articlecomment; Type: TABLE; Schema: public; Owner: django_admin
--

CREATE TABLE public.news_app_articlecomment (
    id bigint NOT NULL,
    text text NOT NULL,
    created_date timestamp with time zone NOT NULL,
    article_id bigint NOT NULL,
    author_id integer NOT NULL,
    parent_id bigint,
    is_deleted boolean NOT NULL
);


ALTER TABLE public.news_app_articlecomment OWNER TO django_admin;

--
-- Name: news_app_articlecomment_dislikes; Type: TABLE; Schema: public; Owner: django_admin
--

CREATE TABLE public.news_app_articlecomment_dislikes (
    id bigint NOT NULL,
    articlecomment_id bigint NOT NULL,
    user_id integer NOT NULL
);


ALTER TABLE public.news_app_articlecomment_dislikes OWNER TO django_admin;

--
-- Name: news_app_articlecomment_dislikes_id_seq; Type: SEQUENCE; Schema: public; Owner: django_admin
--

ALTER TABLE public.news_app_articlecomment_dislikes ALTER COLUMN id ADD GENERATED BY DEFAULT AS IDENTITY (
    SEQUENCE NAME public.news_app_articlecomment_dislikes_id_seq
    START WITH 1
    INCREMENT BY 1
    NO MINVALUE
    NO MAXVALUE
    CACHE 1
);


--
-- Name: news_app_articlecomment_id_seq; Type: SEQUENCE; Schema: public; Owner: django_admin
--

ALTER TABLE public.news_app_articlecomment ALTER COLUMN id ADD GENERATED BY DEFAULT AS IDENTITY (
    SEQUENCE NAME public.news_app_articlecomment_id_seq
    START WITH 1
    INCREMENT BY 1
    NO MINVALUE
    NO MAXVALUE
    CACHE 1
);


--
-- Name: news_app_articlecomment_likes; Type: TABLE; Schema: public; Owner: django_admin
--

CREATE TABLE public.news_app_articlecomment_likes (
    id bigint NOT NULL,
    articlecomment_id bigint NOT NULL,
    user_id integer NOT NULL
);


ALTER TABLE public.news_app_articlecomment_likes OWNER TO django_admin;

--
-- Name: news_app_articlecomment_likes_id_seq; Type: SEQUENCE; Schema: public; Owner: django_admin
--

ALTER TABLE public.news_app_articlecomment_likes ALTER COLUMN id ADD GENERATED BY DEFAULT AS IDENTITY (
    SEQUENCE NAME public.news_app_articlecomment_likes_id_seq
    START WITH 1
    INCREMENT BY 1
    NO MINVALUE
    NO MAXVALUE
    CACHE 1
);


--
-- Name: news_app_comment; Type: TABLE; Schema: public; Owner: django_admin
--

CREATE TABLE public.news_app_comment (
    id bigint NOT NULL,
    text text NOT NULL,
    created_date timestamp with time zone NOT NULL,
    author_id integer NOT NULL,
    thread_id bigint NOT NULL,
    parent_id bigint,
    is_deleted boolean NOT NULL
);


ALTER TABLE public.news_app_comment OWNER TO django_admin;

--
-- Name: news_app_comment_dislikes; Type: TABLE; Schema: public; Owner: django_admin
--

CREATE TABLE public.news_app_comment_dislikes (
    id bigint NOT NULL,
    comment_id bigint NOT NULL,
    user_id integer NOT NULL
);


ALTER TABLE public.news_app_comment_dislikes OWNER TO django_admin;

--
-- Name: news_app_comment_dislikes_id_seq; Type: SEQUENCE; Schema: public; Owner: django_admin
--

ALTER TABLE public.news_app_comment_dislikes ALTER COLUMN id ADD GENERATED BY DEFAULT AS IDENTITY (
    SEQUENCE NAME public.news_app_comment_dislikes_id_seq
    START WITH 1
    INCREMENT BY 1
    NO MINVALUE
    NO MAXVALUE
    CACHE 1
);


--
-- Name: news_app_comment_id_seq; Type: SEQUENCE; Schema: public; Owner: django_admin
--

ALTER TABLE public.news_app_comment ALTER COLUMN id ADD GENERATED BY DEFAULT AS IDENTITY (
    SEQUENCE NAME public.news_app_comment_id_seq
    START WITH 1
    INCREMENT BY 1
    NO MINVALUE
    NO MAXVALUE
    CACHE 1
);


--
-- Name: news_app_comment_likes; Type: TABLE; Schema: public; Owner: django_admin
--

CREATE TABLE public.news_app_comment_likes (
    id bigint NOT NULL,
    comment_id bigint NOT NULL,
    user_id integer NOT NULL
);


ALTER TABLE public.news_app_comment_likes OWNER TO django_admin;

--
-- Name: news_app_comment_likes_id_seq; Type: SEQUENCE; Schema: public; Owner: django_admin
--

ALTER TABLE public.news_app_comment_likes ALTER COLUMN id ADD GENERATED BY DEFAULT AS IDENTITY (
    SEQUENCE NAME public.news_app_comment_likes_id_seq
    START WITH 1
    INCREMENT BY 1
    NO MINVALUE
    NO MAXVALUE
    CACHE 1
);


--
-- Name: news_app_tag; Type: TABLE; Schema: public; Owner: django_admin
--

CREATE TABLE public.news_app_tag (
    id bigint NOT NULL,
    name character varying(100) NOT NULL
);


ALTER TABLE public.news_app_tag OWNER TO django_admin;

--
-- Name: news_app_tag_id_seq; Type: SEQUENCE; Schema: public; Owner: django_admin
--

ALTER TABLE public.news_app_tag ALTER COLUMN id ADD GENERATED BY DEFAULT AS IDENTITY (
    SEQUENCE NAME public.news_app_tag_id_seq
    START WITH 1
    INCREMENT BY 1
    NO MINVALUE
    NO MAXVALUE
    CACHE 1
);


--
-- Name: news_app_thread; Type: TABLE; Schema: public; Owner: django_admin
--

CREATE TABLE public.news_app_thread (
    id bigint NOT NULL,
    title character varying(100) NOT NULL,
    content text NOT NULL,
    published_date timestamp with time zone NOT NULL,
    author_id integer NOT NULL
);


ALTER TABLE public.news_app_thread OWNER TO django_admin;

--
-- Name: news_app_thread_id_seq; Type: SEQUENCE; Schema: public; Owner: django_admin
--

ALTER TABLE public.news_app_thread ALTER COLUMN id ADD GENERATED BY DEFAULT AS IDENTITY (
    SEQUENCE NAME public.news_app_thread_id_seq
    START WITH 1
    INCREMENT BY 1
    NO MINVALUE
    NO MAXVALUE
    CACHE 1
);


--
-- Data for Name: auth_group; Type: TABLE DATA; Schema: public; Owner: django_admin
--

COPY public.auth_group (id, name) FROM stdin;
1	Модераторы
\.


--
-- Data for Name: auth_group_permissions; Type: TABLE DATA; Schema: public; Owner: django_admin
--

COPY public.auth_group_permissions (id, group_id, permission_id) FROM stdin;
1	1	1
2	1	2
3	1	3
4	1	4
5	1	5
6	1	6
7	1	7
8	1	8
9	1	9
10	1	10
11	1	11
12	1	12
13	1	13
14	1	14
15	1	15
16	1	16
17	1	17
18	1	18
19	1	19
20	1	20
21	1	21
22	1	22
23	1	23
24	1	24
25	1	25
26	1	26
27	1	27
28	1	28
29	1	29
30	1	30
31	1	31
32	1	32
33	1	33
34	1	34
35	1	35
36	1	36
\.


--
-- Data for Name: auth_permission; Type: TABLE DATA; Schema: public; Owner: django_admin
--

COPY public.auth_permission (id, name, content_type_id, codename) FROM stdin;
1	Can add log entry	1	add_logentry
2	Can change log entry	1	change_logentry
3	Can delete log entry	1	delete_logentry
4	Can view log entry	1	view_logentry
5	Can add permission	2	add_permission
6	Can change permission	2	change_permission
7	Can delete permission	2	delete_permission
8	Can view permission	2	view_permission
9	Can add group	3	add_group
10	Can change group	3	change_group
11	Can delete group	3	delete_group
12	Can view group	3	view_group
13	Can add user	4	add_user
14	Can change user	4	change_user
15	Can delete user	4	delete_user
16	Can view user	4	view_user
17	Can add content type	5	add_contenttype
18	Can change content type	5	change_contenttype
19	Can delete content type	5	delete_contenttype
20	Can view content type	5	view_contenttype
21	Can add session	6	add_session
22	Can change session	6	change_session
23	Can delete session	6	delete_session
24	Can view session	6	view_session
25	Can add article	7	add_article
26	Can change article	7	change_article
27	Can delete article	7	delete_article
28	Can view article	7	view_article
29	Can add thread	8	add_thread
30	Can change thread	8	change_thread
31	Can delete thread	8	delete_thread
32	Can view thread	8	view_thread
33	Can add comment	9	add_comment
34	Can change comment	9	change_comment
35	Can delete comment	9	delete_comment
36	Can view comment	9	view_comment
37	Can add article comment	10	add_articlecomment
38	Can change article comment	10	change_articlecomment
39	Can delete article comment	10	delete_articlecomment
40	Can view article comment	10	view_articlecomment
41	Can add tag	11	add_tag
42	Can change tag	11	change_tag
43	Can delete tag	11	delete_tag
44	Can view tag	11	view_tag
45	Can add article content block	12	add_articlecontentblock
46	Can change article content block	12	change_articlecontentblock
47	Can delete article content block	12	delete_articlecontentblock
48	Can view article content block	12	view_articlecontentblock
49	Can add article image	13	add_articleimage
50	Can change article image	13	change_articleimage
51	Can delete article image	13	delete_articleimage
52	Can view article image	13	view_articleimage
\.


--
-- Data for Name: auth_user; Type: TABLE DATA; Schema: public; Owner: django_admin
--

COPY public.auth_user (id, password, last_login, is_superuser, username, first_name, last_name, email, is_staff, is_active, date_joined) FROM stdin;
1	pbkdf2_sha256$600000$a208O78cBLsa5VOxe4y9H4$6dgTUuuv/f43KQeama83TgiNcwBc563+MXvOnvWcjHI=	2024-03-19 14:18:15.18+05	t	mexzo				t	t	2024-03-13 14:45:53.364+05
2	pbkdf2_sha256$600000$GDQEmeRnOwdAHUncMPD2Td$ZMrtwaf0JAFZlvZIyT3WQSeZkankc5Zv9F61qGuoglw=	2024-04-30 12:30:25.554+05	f	mexzo0d			mexzo0d@gmail.com	f	t	2024-03-14 17:19:04.392+05
3	pbkdf2_sha256$600000$PqVFolITMwNFTJgiMyfR6a$29AC3qPc08uG71uA46BJ+f8YudVD81H4SMQmDubL7g4=	2024-04-28 13:36:43.981+05	t	mexzo0dnews_portal			mexzo0d@gmail.com	t	t	2024-03-19 14:25:38+05
4	pbkdf2_sha256$600000$gKJEz9MMYkf2zNl4NIw015$/zYWIGTD6mE/3XN+9JsPP5VnUHLeX8lfOvLDh4Dwm3Y=	2024-03-19 14:47:08.474+05	f	test_user			test_user@gmail.com	f	t	2024-03-19 14:47:08.314+05
6	pbkdf2_sha256$600000$HgnAQU6yT2PJoyd8MbRXgW$zrXbw2JzAkyGLO2x1i2ysYbQk23YptD7rVP+u1h4YQo=	2024-04-16 15:32:17.267+05	f	penis			penis@gmail.com	f	t	2024-04-15 12:01:57+05
7	pbkdf2_sha256$600000$5pHauQxBYvTM1B1hNc26mT$8pn1KVrIuT7r5fBbaSNg41Ud6ZSsLEstu55sBAmP/gc=	2024-04-23 13:56:15.832+05	f	news_portal_user			2@mail.ru	f	t	2024-04-23 13:55:33.384+05
8	pbkdf2_sha256$600000$DxdI9KJYYnloLmxV8shLV7$GUnvzW6MgPwFvx6ztEthW/3gmA8KDAGKxhuxeHvGP8I=	2024-04-26 14:13:01.229+05	f	выфвфывф			User@gmail.com	f	t	2024-04-26 14:12:50.69+05
9	pbkdf2_sha256$600000$hMV90G3EannrudeNCUy3PV$p+gn1G5nIlgKvwKOs51Vquo17p7SypnSJ7IjxLuZXQ4=	2024-05-11 14:37:32.752209+05	f	12345			12345@gmail.com	f	t	2024-05-11 14:37:32.560507+05
10	pbkdf2_sha256$600000$inJ5G9bZg2CpTReQayJt7H$p11vkusY247tU1wemkQhJzsL40g3sAj/u9svhEdzLtQ=	2024-05-14 13:55:27.024676+05	f	ShitikovS.A			shitikov@usue.ru	f	t	2024-05-14 13:55:26.832633+05
5	pbkdf2_sha256$600000$lSOssLm6jretVUUZB9GCaO$OViax4QXUe36Y3/jzmyGWFZrnO71L8k8L3itz41tqqo=	2024-05-14 13:56:46.978642+05	t	admin			admin@gmail.com	t	t	2024-04-08 13:25:30+05
\.


--
-- Data for Name: auth_user_groups; Type: TABLE DATA; Schema: public; Owner: django_admin
--

COPY public.auth_user_groups (id, user_id, group_id) FROM stdin;
1	3	1
2	5	1
3	6	1
\.


--
-- Data for Name: auth_user_user_permissions; Type: TABLE DATA; Schema: public; Owner: django_admin
--

COPY public.auth_user_user_permissions (id, user_id, permission_id) FROM stdin;
\.


--
-- Data for Name: django_admin_log; Type: TABLE DATA; Schema: public; Owner: django_admin
--

COPY public.django_admin_log (id, action_time, object_id, object_repr, action_flag, change_message, content_type_id, user_id) FROM stdin;
1	2024-03-13 14:48:41.545+05	1	VIRTUS.PRO QUALIFY FOR IEM DALLAS	1	[{"added": {}}]	7	1
2	2024-03-13 15:32:58.651+05	2	MEET PGL COPENHAGEN MAJOR'S 38 ROOKIES	1	[{"added": {}}]	7	1
3	2024-03-19 14:45:21.735+05	1	Модераторы	1	[{"added": {}}]	3	3
4	2024-03-19 14:45:47.241+05	3	mexzo0dnews_portal	2	[{"changed": {"fields": ["Groups"]}}]	4	3
5	2024-04-08 13:26:58.68+05	5	admin	2	[{"changed": {"fields": ["Groups"]}}]	4	5
6	2024-04-09 20:48:24.604+05	13	Более осмысленный заголовок	2	[{"changed": {"fields": ["\\u0418\\u0437\\u043e\\u0431\\u0440\\u0430\\u0436\\u0435\\u043d\\u0438\\u0435"]}}]	7	5
7	2024-04-09 21:06:05.379+05	1	Политика	1	[{"added": {}}]	11	5
8	2024-04-09 21:06:33.899+05	2	Экономика	1	[{"added": {}}]	11	5
9	2024-04-09 21:06:39.317+05	3	Общество	1	[{"added": {}}]	11	5
10	2024-04-09 21:06:44.187+05	4	Культура	1	[{"added": {}}]	11	5
11	2024-04-09 21:06:48.697+05	5	Спорт	1	[{"added": {}}]	11	5
12	2024-04-09 21:06:52.077+05	6	Киберспорт	1	[{"added": {}}]	11	5
13	2024-04-09 21:06:55.565+05	7	Наука	1	[{"added": {}}]	11	5
14	2024-04-09 21:06:58.832+05	8	Технологии	1	[{"added": {}}]	11	5
15	2024-04-09 21:07:02.985+05	9	Здоровье	1	[{"added": {}}]	11	5
16	2024-04-09 21:07:06.055+05	10	Образование	1	[{"added": {}}]	11	5
17	2024-04-09 21:07:27.127+05	11	Путешествия	1	[{"added": {}}]	11	5
18	2024-04-09 21:07:30.194+05	12	Кино	1	[{"added": {}}]	11	5
19	2024-04-09 21:07:33.397+05	13	Музыка	1	[{"added": {}}]	11	5
20	2024-04-09 21:07:36.425+05	14	Литература	1	[{"added": {}}]	11	5
21	2024-04-09 21:07:39.759+05	15	Мода	1	[{"added": {}}]	11	5
22	2024-04-09 21:07:42.635+05	16	Авто	1	[{"added": {}}]	11	5
23	2024-04-09 21:07:47.227+05	17	Бизнес	1	[{"added": {}}]	11	5
24	2024-04-09 21:07:50.127+05	18	Инвестиции	1	[{"added": {}}]	11	5
25	2024-04-09 21:07:56.937+05	19	Видеоигры	1	[{"added": {}}]	11	5
26	2024-04-09 23:35:00.95+05	24	1	1	[{"added": {}}]	7	3
27	2024-04-16 15:31:57.517+05	6	penis	2	[{"changed": {"fields": ["Groups"]}}]	4	3
28	2024-04-27 01:11:55.669+05	20	Интервью	1	[{"added": {}}]	11	3
29	2024-04-27 01:12:03.258+05	21	Аналитика	1	[{"added": {}}]	11	3
30	2024-04-27 01:12:11.409+05	22	Разбор событий	1	[{"added": {}}]	11	3
31	2024-05-13 14:15:03.39714+05	66	dsdsds	1	[{"added": {}}]	7	5
32	2024-05-14 12:59:40.956466+05	75	Добавить article	1	[{"added": {}}]	7	5
\.


--
-- Data for Name: django_content_type; Type: TABLE DATA; Schema: public; Owner: django_admin
--

COPY public.django_content_type (id, app_label, model) FROM stdin;
1	admin	logentry
2	auth	permission
3	auth	group
4	auth	user
5	contenttypes	contenttype
6	sessions	session
7	news_app	article
8	news_app	thread
9	news_app	comment
10	news_app	articlecomment
11	news_app	tag
12	news_app	articlecontentblock
13	news_app	articleimage
\.


--
-- Data for Name: django_migrations; Type: TABLE DATA; Schema: public; Owner: django_admin
--

COPY public.django_migrations (id, app, name, applied) FROM stdin;
1	contenttypes	0001_initial	2024-05-08 16:05:38.550788+05
2	auth	0001_initial	2024-05-08 16:05:38.589054+05
3	admin	0001_initial	2024-05-08 16:05:38.599056+05
4	admin	0002_logentry_remove_auto_add	2024-05-08 16:05:38.602057+05
5	admin	0003_logentry_add_action_flag_choices	2024-05-08 16:05:38.606058+05
6	contenttypes	0002_remove_content_type_name	2024-05-08 16:05:38.613034+05
7	auth	0002_alter_permission_name_max_length	2024-05-08 16:05:38.617035+05
8	auth	0003_alter_user_email_max_length	2024-05-08 16:05:38.621035+05
9	auth	0004_alter_user_username_opts	2024-05-08 16:05:38.625036+05
10	auth	0005_alter_user_last_login_null	2024-05-08 16:05:38.629037+05
11	auth	0006_require_contenttypes_0002	2024-05-08 16:05:38.630037+05
12	auth	0007_alter_validators_add_error_messages	2024-05-08 16:05:38.634038+05
13	auth	0008_alter_user_username_max_length	2024-05-08 16:05:38.64004+05
14	auth	0009_alter_user_last_name_max_length	2024-05-08 16:05:38.644041+05
15	auth	0010_alter_group_name_max_length	2024-05-08 16:05:38.648041+05
16	auth	0011_update_proxy_permissions	2024-05-08 16:05:38.651791+05
17	auth	0012_alter_user_first_name_max_length	2024-05-08 16:05:38.655331+05
18	news_app	0001_initial	2024-05-08 16:05:38.659198+05
19	news_app	0002_thread	2024-05-08 16:05:38.664199+05
20	news_app	0003_thread_author_comment	2024-05-08 16:05:38.683838+05
21	news_app	0004_articlecomment	2024-05-08 16:05:38.697841+05
22	news_app	0005_articlecomment_parent_comment_parent	2024-05-08 16:05:38.708844+05
23	news_app	0006_article_image	2024-05-08 16:05:38.710843+05
24	news_app	0007_tag_article_tags	2024-05-08 16:05:38.729846+05
25	news_app	0008_articlecomment_dislikes_articlecomment_likes	2024-05-08 16:05:38.763238+05
26	news_app	0009_alter_articlecomment_parent	2024-05-08 16:05:38.76924+05
27	news_app	0010_alter_articlecomment_parent	2024-05-08 16:05:38.775241+05
28	news_app	0011_articlecomment_is_deleted	2024-05-08 16:05:38.781243+05
29	news_app	0012_comment_dislikes_comment_is_deleted_comment_likes	2024-05-08 16:05:38.809856+05
30	sessions	0001_initial	2024-05-08 16:05:38.81883+05
31	news_app	0013_remove_article_content_remove_article_image_and_more	2024-05-13 13:52:43.183523+05
32	news_app	0014_article_content_article_image_and_more	2024-05-13 14:03:28.11561+05
33	news_app	0015_alter_article_content	2024-05-13 14:12:53.344068+05
34	news_app	0016_remove_article_image_alter_article_content_and_more	2024-05-14 11:52:11.642687+05
35	news_app	0017_article_image	2024-05-14 12:03:43.282652+05
36	news_app	0018_alter_article_content_delete_articleimage	2024-05-14 12:29:54.532004+05
37	news_app	0019_alter_article_content	2024-05-14 12:48:51.621746+05
38	news_app	0020_alter_article_content	2024-05-14 12:48:51.625747+05
39	news_app	0021_alter_article_content	2024-05-14 13:24:47.816951+05
\.


--
-- Data for Name: django_session; Type: TABLE DATA; Schema: public; Owner: django_admin
--

COPY public.django_session (session_key, session_data, expire_date) FROM stdin;
5c5ce43pf1prjrwarxbcm5g6e0bb80gw	.eJxVjMsOwiAQAP-FsyEFVh4evfcbyO5CpWpoUtqT8d-VpAe9zkzmJSLuW4l7y2uck7gII06_jJAfuXaR7lhvi-SlbutMsifysE2OS8rP69H-DQq20rdKWYDzYFB7bxQnl71mlxCQwZPOwVHQ4ZuxTjYP3tLELpCbgBnQiPcHwnM3ow:1rxs1E:YMW3KPMPBcSyMm5wlAeH07STvukUSd9pOoI5PXMS0Bw	2024-05-03 22:27:24.311+05
emlazaiwopubeh5l7s6571mcj6apjbdq	.eJxVjDsOwjAQRO_iGlmOvywlPWewdtc2DiBHipMKcXcSKQU0U8x7M28RcV1qXHue45jERThx-u0I-ZnbDtID232SPLVlHknuijxol7cp5df1cP8OKva6rQtZPRjNSkEqWYfgkRUHYwJ4g0Cg0bILW3j2YBFKGYgYs3UcmM_i8wXiwThn:1ruwMj:nivNSerKIgZNR6tRGUB9TARXm5-KFfZMmutRaHyIqwo	2024-04-25 20:29:29.967+05
j28algv23wuve5xmzx8pd93yesc0f0rq	.eJxVjMsOwiAQAP-FsyEFVh4evfcbyO5CpWpoUtqT8d-VpAe9zkzmJSLuW4l7y2uck7gII06_jJAfuXaR7lhvi-SlbutMsifysE2OS8rP69H-DQq20rdKWYDzYFB7bxQnl71mlxCQwZPOwVHQ4ZuxTjYP3tLELpCbgBnQiPcHwnM3ow:1rsnLv:pZysSjWrwMg1FH23B7FqniXOGat36Jf6Vil6L9QK95M	2024-04-19 22:27:47.211+05
p4a1m0mnq6e74qm5eo5hwoknwg59l3z9	.eJxVjMsOwiAQAP-FsyEFVh4evfcbyO5CpWpoUtqT8d-VpAe9zkzmJSLuW4l7y2uck7gII06_jJAfuXaR7lhvi-SlbutMsifysE2OS8rP69H-DQq20rdKWYDzYFB7bxQnl71mlxCQwZPOwVHQ4ZuxTjYP3tLELpCbgBnQiPcHwnM3ow:1rs69F:cEnsyxOAV2tbrXI4ikMfEJ85-efAWL9qkgiiC0Y0i9s	2024-04-18 00:19:49.912+05
rrvund5yg0revih3w58mc79wvtozel9o	.eJxVjMsOwiAQAP-FsyEFVh4evfcbyO5CpWpoUtqT8d-VpAe9zkzmJSLuW4l7y2uck7gII06_jJAfuXaR7lhvi-SlbutMsifysE2OS8rP69H-DQq20rdKWYDzYFB7bxQnl71mlxCQwZPOwVHQ4ZuxTjYP3tLELpCbgBnQiPcHwnM3ow:1rwjfF:2BIAdL1Ec4xXpytLRPW_VJicHZOFm-dHZvc1oK6yfwg	2024-04-30 19:20:01.381+05
wznoycanjktbi9tx7ea3v2oygrbhmseu	.eJxVjDsOwjAQRO_iGlmOvywlPWewdtc2DiBHipMKcXcSKQU0U8x7M28RcV1qXHue45jERThx-u0I-ZnbDtID232SPLVlHknuijxol7cp5df1cP8OKva6rQtZPRjNSkEqWYfgkRUHYwJ4g0Cg0bILW3j2YBFKGYgYs3UcmM_i8wXiwThn:1s1iOo:sanfdF-gd2PULS9dizlP2CJHoQausqA7ZcjGn3PpdBM	2024-05-14 12:59:38.271+05
lnqz8zrqxrapiua1nkqsz60qc6mcs43z	.eJxVjDsOwjAQRO_iGlmOvywlPWewdtc2DiBHipMKcXcSKQU0U8x7M28RcV1qXHue45jERThx-u0I-ZnbDtID232SPLVlHknuijxol7cp5df1cP8OKva6rQtZPRjNSkEqWYfgkRUHYwJ4g0Cg0bILW3j2YBFKGYgYs3UcmM_i8wXiwThn:1s6nxm:IFrPU-axX92r516X05gJG2wLsE_1HvxtJEmkGWOULE8	2024-05-28 13:56:46.979916+05
\.


--
-- Data for Name: news_app_article; Type: TABLE DATA; Schema: public; Owner: django_admin
--

COPY public.news_app_article (id, title, published_date, content, image) FROM stdin;
1	VIRTUS.PRO QUALIFY FOR IEM DALLAS	2024-03-13 14:48:41.544+05	1	\N
2	MEET PGL COPENHAGEN MAJOR'S 38 ROOKIES	2024-03-13 15:32:58.65+05	1	\N
4	Новость добавленная напрямую через сайт	2024-03-19 15:13:24.596+05	1	\N
13	Более осмысленный заголовок	2024-03-25 20:57:35.94+05	1	\N
14	AX1LE: "YOU PLAY YOUR ENTIRE CAREER IN ONE STYLE, NOW I HAD TO ADAPT AND IT WASN'T EASY"	2024-03-25 21:12:58.203+05	1	\N
21	NAVI BEAT FAZE TO WIN PGL MAJOR COPENHAGEN_	2024-04-04 00:55:56.974+05	1	\N
28	Набор в ЧВК Вагнер	2024-04-11 18:58:16.771+05	1	\N
29	Comments test	2024-04-15 20:19:55.298+05	1	\N
47	52	2024-04-25 14:36:16.705+05	1	\N
48	Название	2024-04-25 17:58:17.155+05	1	\N
49	1	2024-04-25 18:27:41.41+05	1	\N
50	2	2024-04-25 18:27:44.446+05	1	\N
51	3	2024-04-25 18:27:47.247+05	1	\N
52	4	2024-04-25 18:27:49.78+05	1	\N
53	5	2024-04-25 18:27:52.756+05	1	\N
54	9	2024-04-25 18:28:07.4+05	1	\N
55	10	2024-04-25 18:28:11.823+05	1	\N
58	52	2024-04-30 12:36:41.167+05	1	\N
60	Название	2024-05-03 19:39:35.088+05	1	\N
26	Мобилизации в России будет в мае – военкор Романов	2024-04-09 23:48:31.475+05	1	\N
70	Название	2024-05-14 12:30:40.946983+05	Содержание	articles_images/-8e76jsk_JE_wfZi0eI.jpg
\.


--
-- Data for Name: news_app_article_tags; Type: TABLE DATA; Schema: public; Owner: django_admin
--

COPY public.news_app_article_tags (id, article_id, tag_id) FROM stdin;
1	14	5
2	14	6
3	21	19
4	21	5
5	21	6
6	26	1
7	26	11
8	28	1
9	28	11
10	28	17
11	29	2
12	47	1
13	48	4
14	49	1
15	50	1
16	51	1
17	52	1
18	53	1
19	54	1
20	55	1
21	60	1
22	60	5
31	70	13
\.


--
-- Data for Name: news_app_articlecomment; Type: TABLE DATA; Schema: public; Owner: django_admin
--

COPY public.news_app_articlecomment (id, text, created_date, article_id, author_id, parent_id, is_deleted) FROM stdin;
86	hfghgfh	2024-03-25 19:39:31.117+05	4	3	\N	f
87	kkk	2024-03-25 19:39:35.292+05	4	3	86	f
90	He is doing great! Glad for him. z	2024-03-25 21:58:51.694+05	14	3	\N	f
91	Fraudx1le excusi	2024-03-25 21:58:56.192+05	14	3	\N	f
92	flag flair name v	2024-03-25 21:59:02.62+05	14	3	91	f
95	Impressive, very nice. Now let's see NA's results	2024-03-25 21:59:39.53+05	14	3	91	f
97	ouch	2024-03-25 22:06:35.881+05	14	3	95	f
99	W	2024-04-04 00:56:25.174+05	21	3	\N	f
100	gg	2024-04-04 00:56:31.278+05	21	3	99	f
101	B2T>s1mple confirmed	2024-04-04 00:56:36.062+05	21	3	100	f
102	ok now kick botigan and midky	2024-04-04 00:56:41.854+05	21	3	101	f
103	Definition of Navi's win is "sometimes your opponent just has a really good day"\r\n\r\naleksiBot being the 3rd worst rated player this major, not having a single green +1.00 rated map in 15 maps in row goes all of sudden life gaming on Ancient and top frags with 1.48 rating\r\nhltv.org/stats/players/matches/9816/alek..\r\n\r\nsame with b1t who struggled all tournament and didn't have single +1.00 rated match in playoffs all of sudden goes 2.16 rating on decider Inferno successfully hitting literally every smoke spam and spray transfer possible\r\nhltv.org/stats/players/matches/18987/b1t..\r\n\r\nWP TO NAVI, BUT THIS WAS OVERPERFORMANCE AND THIS WAS A FLUKE	2024-04-04 00:56:49.173+05	21	3	102	f
104	1. Cry is free\r\n\r\n2. Your salty tears taste so good\r\n\r\n3. Karrigan is a major choker	2024-04-04 00:56:56.096+05	21	3	103	f
105	1. Glad you responded with arguments and fact to my comment backed by stats.\r\n\r\n2. Weird you find salty water tasty, but good for you. I don't judge.\r\n\r\n3. karrigan has more majors than your country will ever have. Country you are so desperately trying to hide behing fakeflag.	2024-04-04 00:57:04.619+05	21	3	104	f
106	Some people just cant admit the other wins cause its better, besides offend other country people.\r\nNavi wins because dominated faze on third map, there is no discussion about that	2024-04-04 00:57:11.639+05	21	3	105	f
107	the old but they were a better team on paper arguement. Yes some players had a rough go of it earlier in the tournament. But they still managed to make it through. you calling it a fluke when they had to win all those games to get to this point is a reach.\r\nFaze weren't exactly setting the world on fire either. They had the same record in the elimination stage. Didn't win one playoff game 2-0 (to be fair had a tougher run) but also had 0 players in the top 10 overall for the tournament.\r\nFaze team rating of 1.07 (including a 13-1 loss against EF) isnt exactly something to shout at the top of a mountain top. Sure Navi had a blessed run but dont sit there and act like Faze deserved the win either with how they played throughout the tournament.	2024-04-04 00:57:19.754+05	21	3	105	f
108		2024-04-04 01:14:48.182+05	21	3	100	t
109	wp	2024-04-04 13:02:34.677+05	21	2	107	f
110		2024-04-08 14:06:17.855+05	21	5	104	t
112	вывы	2024-04-10 00:06:15.157+05	26	2	\N	f
115	123	2024-04-10 13:46:18.467+05	26	3	112	f
116	22	2024-04-10 14:25:35.151+05	26	3	115	f
209	1	2024-04-15 22:10:25.919+05	28	3	\N	f
210	2	2024-04-15 22:10:28.177+05	28	3	209	f
211		2024-04-19 13:42:37.117+05	29	3	\N	t
212		2024-04-19 13:42:39.219+05	29	3	211	t
213		2024-04-19 13:42:41.709+05	29	3	211	t
214		2024-04-19 13:54:30.974+05	29	3	213	t
215		2024-04-19 13:55:02.388+05	29	3	\N	t
231	Ответ на удаленный коммент	2024-04-19 14:53:07.206+05	21	3	110	f
232		2024-04-20 01:46:29.936+05	29	3	\N	t
233		2024-04-20 01:46:31.79+05	29	3	232	t
234		2024-04-20 01:46:33.764+05	29	3	232	t
235		2024-04-22 13:13:39.882+05	29	3	\N	t
236		2024-04-22 13:13:54.663+05	29	3	\N	t
237		2024-04-22 13:14:17.881+05	29	3	\N	t
238		2024-04-22 13:16:31.81+05	29	3	\N	t
239		2024-04-22 13:17:24.688+05	29	3	\N	t
240		2024-04-22 13:17:26.392+05	29	3	239	t
241		2024-04-22 14:20:02.396+05	29	3	\N	t
242	3	2024-04-22 18:02:12.454+05	28	3	210	f
243		2024-04-22 18:15:04.967+05	29	3	\N	t
244		2024-04-22 18:15:08.814+05	29	3	\N	t
245		2024-04-22 18:15:11.214+05	29	3	244	t
246		2024-04-22 18:16:32.492+05	29	3	245	t
247		2024-04-22 18:17:06.649+05	29	3	\N	t
248		2024-04-22 18:17:09.291+05	29	3	247	t
249		2024-04-22 18:17:11.862+05	29	3	247	t
250		2024-04-22 18:17:14.255+05	29	3	248	t
267		2024-04-23 00:49:28.224+05	29	3	\N	t
268	wpwp	2024-04-24 13:52:59.564+05	21	3	109	f
269	wp3	2024-04-24 13:58:18.889+05	21	3	268	f
270	4343	2024-04-24 14:03:40.991+05	21	3	\N	f
271	вывы	2024-04-24 14:07:29.626+05	21	3	270	f
272		2024-04-24 14:07:32.411+05	21	3	\N	t
273	123	2024-04-24 14:23:46.662+05	29	3	\N	f
274	вывфывф	2024-04-24 14:23:48.664+05	29	3	273	f
275	вывфывф	2024-04-24 14:23:50.434+05	29	3	274	f
276	выфвфывыф	2024-04-24 14:23:51.966+05	29	3	275	f
277	выфвыфвфывфы	2024-04-24 14:23:53.755+05	29	3	276	f
278	яяя	2024-04-24 14:31:52.149+05	21	3	268	f
284	123	2024-04-24 16:01:42.722+05	21	3	105	f
338		2024-04-25 14:36:18.346+05	47	3	\N	t
339	2	2024-04-25 14:36:19.625+05	47	3	\N	f
340		2024-04-25 14:36:21.137+05	47	3	338	t
341	1 2	2024-04-25 14:36:22.955+05	47	3	338	f
342	1 1 1	2024-04-25 14:36:24.932+05	47	3	340	f
343	52	2024-04-25 21:01:14.262+05	48	3	\N	f
344		2024-04-25 21:01:16.398+05	48	3	343	t
345	1 1 1	2024-04-25 21:01:18.262+05	48	3	344	f
346	3	2024-04-25 21:01:22.027+05	48	3	\N	f
347	25 2	2024-04-25 21:01:24.95+05	48	3	344	f
363		2024-04-30 12:36:42.841+05	58	5	\N	t
364		2024-04-30 12:36:44.377+05	58	5	363	t
365		2024-04-30 12:36:46.155+05	58	5	364	t
366		2024-04-30 12:36:47.563+05	58	5	363	t
367		2024-04-30 12:36:49.466+05	58	5	363	t
368		2024-04-30 12:36:50.521+05	58	5	\N	t
369		2024-04-30 12:36:55.609+05	58	5	364	t
370		2024-04-30 12:37:01.976+05	58	5	364	t
371		2024-04-30 12:37:16.668+05	58	5	368	t
372		2024-04-30 12:37:18.373+05	58	5	371	t
373		2024-04-30 13:07:23.569+05	58	5	\N	t
374		2024-04-30 13:07:28.738+05	58	5	373	t
375		2024-04-30 13:07:31.866+05	58	5	374	t
376		2024-04-30 13:07:38.168+05	58	5	375	t
377		2024-04-30 13:07:55.238+05	58	5	\N	t
378		2024-04-30 13:07:59.204+05	58	5	377	t
379		2024-04-30 13:08:02.023+05	58	5	378	t
385		2024-05-06 16:03:13.832+05	60	5	382	t
383		2024-05-06 16:03:00.827+05	60	5	381	t
380		2024-05-03 19:39:43.124+05	60	5	\N	t
382		2024-05-06 16:02:47.569+05	60	5	380	t
384		2024-05-06 16:03:08.335+05	60	5	382	t
381		2024-05-03 19:39:45.798+05	60	5	\N	t
386	ававва	2024-05-10 18:33:09.039013+05	60	5	\N	f
387	яя	2024-05-10 18:33:13.799458+05	60	5	386	f
388	remove: function() {\r\n                return ce.each(arguments, function(e, t) {\r\n                    var n;\r\n                    while (-1 < (n = ce.inArray(t, s, n)))\r\n                        s.splice(n, 1),\r\n                        n <= l && l--\r\n                }),\r\n                this remove: function() {\r\n                return ce.each(arguments, function(e, t) {\r\n                    var n;\r\n                    while (-1 < (n = ce.inArray(t, s, n)))\r\n                        s.splice(n, 1),\r\n                        n <= l && l--\r\n                }),\r\n                this	2024-05-11 14:13:43.326865+05	60	5	387	f
389	remove: function() {\r\n                return ce.each(arguments, function(e, t) {\r\n                    var n;\r\n                    while (-1 < (n = ce.inArray(t, s, n)))\r\n                        s.splice(n, 1),\r\n                        n <= l && l--\r\n                }),\r\n                this remove: function() {\r\n                return ce.each(arguments, function(e, t) {\r\n                    var n;\r\n                    while (-1 < (n = ce.inArray(t, s, n)))\r\n                        s.splice(n, 1),\r\n                        n <= l && l--\r\n                }),\r\n                this remove: function() {\r\n                return ce.each(arguments, function(e, t) {\r\n                    var n;\r\n                    while (-1 < (n = ce.inArray(t, s, n)))\r\n                        s.splice(n, 1),\r\n                        n <= l && l--\r\n                }),\r\n                this remove: function() {\r\n                return ce.each(arguments, function(e, t) {\r\n                    var n;\r\n                    while (-1 < (n = ce.inArray(t, s, n)))\r\n                        s.splice(n, 1),\r\n                        n <= l && l--\r\n                }),\r\n                this	2024-05-11 14:13:45.736406+05	60	5	388	f
390	remove: function() {\r\n                return ce.each(arguments, function(e, t) {\r\n                    var n;\r\n                    while (-1 < (n = ce.inArray(t, s, n)))\r\n                        s.splice(n, 1),\r\n                        n <= l && l--\r\n                }),\r\n                this remove: function() {\r\n                return ce.each(arguments, function(e, t) {\r\n                    var n;\r\n                    while (-1 < (n = ce.inArray(t, s, n)))\r\n                        s.splice(n, 1),\r\n                        n <= l && l--\r\n                }),\r\n                this remove: function() {\r\n                return ce.each(arguments, function(e, t) {\r\n                    var n;\r\n                    while (-1 < (n = ce.inArray(t, s, n)))\r\n                        s.splice(n, 1),\r\n                        n <= l && l--\r\n                }),\r\n                this remove: function() {\r\n                return ce.each(arguments, function(e, t) {\r\n                    var n;\r\n                    while (-1 < (n = ce.inArray(t, s, n)))\r\n                        s.splice(n, 1),\r\n                        n <= l && l--\r\n                }),\r\n                this remove: function() {\r\n                return ce.each(arguments, function(e, t) {\r\n                    var n;\r\n                    while (-1 < (n = ce.inArray(t, s, n)))\r\n                        s.splice(n, 1),\r\n                        n <= l && l--\r\n                }),\r\n                this remove: function() {\r\n                return ce.each(arguments, function(e, t) {\r\n                    var n;\r\n                    while (-1 < (n = ce.inArray(t, s, n)))\r\n                        s.splice(n, 1),\r\n                        n <= l && l--\r\n                }),\r\n                this remove: function() {\r\n                return ce.each(arguments, function(e, t) {\r\n                    var n;\r\n                    while (-1 < (n = ce.inArray(t, s, n)))\r\n                        s.splice(n, 1),\r\n                        n <= l && l--\r\n                }),\r\n                this remove: function() {\r\n                return ce.each(arguments, function(e, t) {\r\n                    var n;\r\n                    while (-1 < (n = ce.inArray(t, s, n)))\r\n                        s.splice(n, 1),\r\n                        n <= l && l--\r\n                }),\r\n                this remove: function() {\r\n                return ce.each(arguments, function(e, t) {\r\n                    var n;\r\n                    while (-1 < (n = ce.inArray(t, s, n)))\r\n                        s.splice(n, 1),\r\n                        n <= l && l--\r\n                }),\r\n                this remove: function() {\r\n                return ce.each(arguments, function(e, t) {\r\n                    var n;\r\n                    while (-1 < (n = ce.inArray(t, s, n)))\r\n                        s.splice(n, 1),\r\n                        n <= l && l--\r\n                }),\r\n                this remove: function() {\r\n                return ce.each(arguments, function(e, t) {\r\n                    var n;\r\n                    while (-1 < (n = ce.inArray(t, s, n)))\r\n                        s.splice(n, 1),\r\n                        n <= l && l--\r\n                }),\r\n                this remove: function() {\r\n                return ce.each(arguments, function(e, t) {\r\n                    var n;\r\n                    while (-1 < (n = ce.inArray(t, s, n)))\r\n                        s.splice(n, 1),\r\n                        n <= l && l--\r\n                }),\r\n                this	2024-05-11 14:13:49.100369+05	60	5	389	f
391	remove: function() {\r\n                return ce.each(arguments, function(e, t) {\r\n                    var n;\r\n                    while (-1 < (n = ce.inArray(t, s, n)))\r\n                        s.splice(n, 1),\r\n                        n <= l && l--\r\n                }),\r\n                this remove: function() {\r\n                return ce.each(arguments, function(e, t) {\r\n                    var n;\r\n                    while (-1 < (n = ce.inArray(t, s, n)))\r\n                        s.splice(n, 1),\r\n                        n <= l && l--\r\n                }),\r\n                this remove: function() {\r\n                return ce.each(arguments, function(e, t) {\r\n                    var n;\r\n                    while (-1 < (n = ce.inArray(t, s, n)))\r\n                        s.splice(n, 1),\r\n                        n <= l && l--\r\n                }),\r\n                this remove: function() {\r\n                return ce.each(arguments, function(e, t) {\r\n                    var n;\r\n                    while (-1 < (n = ce.inArray(t, s, n)))\r\n                        s.splice(n, 1),\r\n                        n <= l && l--\r\n                }),\r\n                this remove: function() {\r\n                return ce.each(arguments, function(e, t) {\r\n                    var n;\r\n                    while (-1 < (n = ce.inArray(t, s, n)))\r\n                        s.splice(n, 1),\r\n                        n <= l && l--\r\n                }),\r\n                this remove: function() {\r\n                return ce.each(arguments, function(e, t) {\r\n                    var n;\r\n                    while (-1 < (n = ce.inArray(t, s, n)))\r\n                        s.splice(n, 1),\r\n                        n <= l && l--\r\n                }),\r\n                this remove: function() {\r\n                return ce.each(arguments, function(e, t) {\r\n                    var n;\r\n                    while (-1 < (n = ce.inArray(t, s, n)))\r\n                        s.splice(n, 1),\r\n                        n <= l && l--\r\n                }),\r\n                this remove: function() {\r\n                return ce.each(arguments, function(e, t) {\r\n                    var n;\r\n                    while (-1 < (n = ce.inArray(t, s, n)))\r\n                        s.splice(n, 1),\r\n                        n <= l && l--\r\n                }),\r\n                this remove: function() {\r\n                return ce.each(arguments, function(e, t) {\r\n                    var n;\r\n                    while (-1 < (n = ce.inArray(t, s, n)))\r\n                        s.splice(n, 1),\r\n                        n <= l && l--\r\n                }),\r\n                this	2024-05-11 14:13:52.580152+05	60	5	390	f
392		2024-05-11 14:37:53.346403+05	29	9	\N	t
393	Huskony999Huskony999Huskony999Huskony999Huskony999Huskony999Huskony999Huskony999Huskony999Huskony999Huskony999Huskony999Huskony999	2024-05-11 14:38:57.244598+05	29	9	\N	f
394	Here's the updated CSS code to handle long comments:\r\n\r\nHere's the updated CSS code to handle long comments:\r\n\r\nHere's the updated CSS code to handle long comments:\r\n\r\nHere's the updated CSS code to handle long comments:\r\n\r\nHere's the updated CSS code to handle long comments:\r\n\r\nHere's the updated CSS code to handle long comments:\r\n\r\nHere's the updated CSS code to handle long comments:\r\n\r\nHere's the updated CSS code to handle long comments:\r\n\r\nHere's the updated CSS code to handle long comments:\r\n\r\nHere's the updated CSS code to handle long comments:\r\n\r\nHere's the updated CSS code to handle long comments:\r\n\r\nHere's the updated CSS code to handle long comments:\r\n\r\nHere's the updated CSS code to handle long comments:\r\n\r\nHere's the updated CSS code to handle long comments:\r\n\r\nHere's the updated CSS code to handle long comments:\r\n\r\nHere's the updated CSS code to handle long comments:\r\n\r\nHere's the updated CSS code to handle long comments:\r\n\r\nHere's the updated CSS code to handle long comments:\r\n\r\nHere's the updated CSS code to handle long comments:\r\n\r\nHere's the updated CSS code to handle long comments:\r\n\r\nHere's the updated CSS code to handle long comments:\r\n\r\nHere's the updated CSS code to handle long comments:\r\n\r\nHere's the updated CSS code to handle long comments:\r\n\r\nHere's the updated CSS code to handle long comments:\r\n\r\nHere's the updated CSS code to handle long comments:\r\n\r\nHere's the updated CSS code to handle long comments:\r\n\r\nHere's the updated CSS code to handle long comments:\r\n\r\nHere's the updated CSS code to handle long comments:\r\n\r\nHere's the updated CSS code to handle long comments:\r\n\r\nHere's the updated CSS code to handle long comments:\r\n\r\nHere's the updated CSS code to handle long comments:\r\n\r\nHere's the updated CSS code to handle long comments:\r\n\r\nHere's the updated CSS code to handle long comments:	2024-05-11 14:46:25.366755+05	60	9	391	f
401		2024-05-14 12:32:15.096495+05	70	5	399	t
398		2024-05-14 12:32:09.752602+05	70	5	\N	t
399		2024-05-14 12:32:11.403561+05	70	5	398	t
400		2024-05-14 12:32:13.229927+05	70	5	399	t
402		2024-05-14 12:32:17.867406+05	70	5	401	t
416	margin-left: 0 margin-left: 0 margin-left: 0 margin-left: 0 margin-left: 0 margin-left: 0 margin-left: 0 margin-left: 0 margin-left: 0 margin-left: 0 margin-left: 0 margin-left: 0 margin-left: 0	2024-05-25 17:50:04.883943+05	70	5	415	f
411		2024-05-14 13:55:33.758634+05	70	10	\N	t
412	dsadsadsadsadsadsadsadsadsadsadsadsadsadsadsadsadsadsadsadsadsadsadsadsadsadsadsadsadsadsadsadsadsadsadsadsadsadsadsadsadsadsadsadsadsadsadsadsadsadsadsadsadsadsadsadsadsadsadsadsadsadsadsadsadsadsadsadsadsadsadsadsadsadsadsadsadsadsadsadsadsadsadsadsa	2024-05-25 17:04:08.267752+05	70	5	\N	f
413	dsadsadsadsadsadsadsadsadsadsadsadsadsadsadsadsadsadsadsadsadsadsadsadsadsadsadsadsadsadsadsadsadsadsadsadsadsadsadsadsadsadsadsadsadsadsadsadsadsadsadsadsadsadsadsadsadsadsadsadsadsadsadsadsadsadsadsadsadsadsadsadsadsadsadsadsadsadsadsadsadsadsadsadsadsadsadsadsadsadsadsadsadsadsadsadsadsadsadsa	2024-05-25 17:04:11.114779+05	70	5	\N	f
414	dsadsadsadsadsadsadsadsadsadsadsadsadsadsadsadsadsadsadsadsadsadsadsadsadsadsadsadsadsadsadsadsadsa	2024-05-25 17:04:15.143156+05	70	5	413	f
415	dsadsadsadsadsadsadsadsadsadsadsadsadsadsadsadsadsadsadsadsadsadsadsadsadsadsadsadsadsadsadsadsadsadsadsadsadsadsadsadsadsadsadsadsadsadsadsadsadsadsadsadsadsadsadsadsadsadsadsadsadsadsadsa	2024-05-25 17:04:21.627859+05	70	5	414	f
417	margin-left: 0 margin-left: 0 margin-left: 0 margin-left: 0 margin-left: 0 margin-left: 0 margin-left: 0 margin-left: 0 margin-left: 0 margin-left: 0 margin-left: 0 margin-left: 0 margin-left: 0 margin-left: 0	2024-05-25 17:50:13.788154+05	70	5	416	f
418	margin-left: 0 margin-left: 0 margin-left: 0 margin-left: 0 margin-left: 0 margin-left: 0 margin-left: 0 margin-left: 0 margin-left: 0 margin-left: 0 margin-left: 0 margin-left: 0 margin-left: 0 margin-left: 0	2024-05-25 17:50:17.16905+05	70	5	417	f
\.


--
-- Data for Name: news_app_articlecomment_dislikes; Type: TABLE DATA; Schema: public; Owner: django_admin
--

COPY public.news_app_articlecomment_dislikes (id, articlecomment_id, user_id) FROM stdin;
1	115	3
2	116	3
3	232	3
4	241	3
5	343	3
6	382	5
7	383	5
10	394	9
11	402	5
13	413	5
\.


--
-- Data for Name: news_app_articlecomment_likes; Type: TABLE DATA; Schema: public; Owner: django_admin
--

COPY public.news_app_articlecomment_likes (id, articlecomment_id, user_id) FROM stdin;
1	99	3
2	100	2
3	100	3
4	107	3
5	109	3
6	112	2
7	112	3
8	112	5
9	115	5
10	116	5
11	209	3
12	210	3
13	211	3
14	212	3
15	215	3
16	231	3
17	244	3
18	245	3
19	246	3
20	247	3
21	269	3
22	276	3
23	277	3
24	344	3
25	345	3
26	364	5
27	369	5
28	378	5
29	380	5
30	381	5
31	384	5
32	386	5
34	387	5
35	277	9
37	411	10
39	416	5
\.


--
-- Data for Name: news_app_comment; Type: TABLE DATA; Schema: public; Owner: django_admin
--

COPY public.news_app_comment (id, text, created_date, author_id, thread_id, parent_id, is_deleted) FROM stdin;
75	Test	2024-03-28 22:00:30.546+05	3	23	\N	f
76	innersh1ne gets kicked from every team he joins\r\n\r\nAt the end of the day it's just his opinion, there is no point in discussing what he thinks	2024-04-04 12:24:45.022+05	2	24	\N	f
77	he left faze on his own (and they started losing :o)	2024-04-04 12:24:51.282+05	2	24	76	f
78	тттт	2024-04-10 00:07:21.833+05	2	24	76	f
79	11	2024-04-13 17:34:04.662+05	5	24	78	f
84	1	2024-04-16 19:35:18.686+05	3	24	\N	f
258	1 2 3	2024-04-23 13:27:40.628+05	3	24	79	f
259	1 2 3 4	2024-04-23 13:27:43.78+05	3	24	258	f
260	2	2024-04-23 13:29:26.098+05	3	24	\N	f
261	1 2 3 4	2024-04-23 14:01:13.057+05	7	24	259	f
271	2	2024-04-24 12:50:50.994+05	7	24	\N	f
289	2 1	2024-04-24 14:14:27.12+05	3	24	271	f
290	2 2	2024-04-24 14:14:29.114+05	3	24	289	f
291	2 3	2024-04-24 14:14:31.132+05	3	24	290	f
292	2 4	2024-04-24 14:14:33.022+05	3	24	291	f
293	2 5	2024-04-24 14:14:36.503+05	3	24	292	f
338	1	2024-04-24 20:17:05.532+05	5	60	\N	f
339	1 2	2024-04-24 20:17:08.566+05	5	60	338	f
340	1 2 1	2024-04-24 20:17:10.766+05	5	60	339	f
341	1 3	2024-04-24 20:17:14.615+05	5	60	338	f
342	2	2024-04-24 20:17:16.322+05	5	60	\N	f
343	1 2 2	2024-04-24 20:38:56.469+05	5	60	339	f
344	1	2024-04-25 13:37:29.681+05	3	61	\N	f
345	1 1	2024-04-25 13:37:31.308+05	3	61	344	f
346		2024-04-25 13:37:33.565+05	3	61	344	t
347		2024-04-25 13:37:36.637+05	3	61	345	t
348	1 2 1	2024-04-25 13:37:38.54+05	3	61	346	f
386	1	2024-04-25 18:47:59.003+05	3	24	\N	f
426		2024-04-30 12:20:23.513+05	3	66	\N	t
427		2024-04-30 12:20:25.981+05	3	66	426	t
428		2024-04-30 12:20:30.219+05	3	66	427	t
429	Комментарий 1 в обсуждении	2024-05-06 16:06:00.258+05	5	82	\N	f
430	Комментарий 2 в обсуждении	2024-05-06 16:06:02.433+05	5	82	\N	f
431	Ответ на комментарий 1 в обсуждении	2024-05-06 16:06:10.808+05	5	82	429	f
432	Ответ на комментарий 2 в обсуждении	2024-05-06 16:06:16.027+05	5	82	430	f
433	Комментарий 3	2024-05-06 16:06:23.814+05	5	82	\N	f
434		2024-05-06 16:06:27.346+05	5	82	429	t
435	1	2024-05-08 16:08:17.694529+05	5	82	\N	f
436	2	2024-05-08 16:08:19.600079+05	5	82	435	f
437	1	2024-05-08 16:14:43.532139+05	5	83	\N	f
438	2	2024-05-08 16:14:44.85067+05	5	83	\N	f
439	3	2024-05-08 16:14:45.774836+05	5	83	\N	f
440	3	2024-05-10 16:17:55.202552+05	5	82	436	f
441	4	2024-05-10 16:17:56.97295+05	5	82	440	f
442	dsaaaaaaaaaaaaaaaaaaaaaaaaaaa	2024-05-10 16:18:00.019635+05	5	82	441	f
443	The issue you're describing typically occurs when the hover styles for the navigation links (.nav-link) conflict with the default or active styles, especially when the background and text colors are not handled correctly. Here’s how to ensure that the .nav-link elements maintain visibility when hovered over or active:The issue you're describing typically occurs when the hover styles for the navigation links (.nav-link) conflict with the default or active styles, especially when the background and text colors are not handled correctly. Here’s how to ensure that the .nav-link elements maintain visibility when hovered over or active:The issue you're describing typically occurs when the hover styles for the navigation links (.nav-link) conflict with the default or active styles, especially when the background and text colors are not handled correctly. Here’s how to ensure that the .nav-link elements maintain visibility when hovered over or active:	2024-05-10 16:18:07.724395+05	5	82	442	f
444	Huskony999Huskony999	2024-05-11 14:39:26.615479+05	9	83	439	f
445	Huskony999Huskony999Huskony999Huskony999	2024-05-11 14:39:29.074472+05	9	83	444	f
446	Huskony999Huskony999Huskony999Huskony999Huskony999Huskony999	2024-05-11 14:39:31.988465+05	9	83	\N	f
447	bbbbbbbbbbbbHuskony999Huskony999Huskony999Huskony999Huskony999Huskony999Huskony999Huskony999Huskony999Huskony999Huskony999Huskony999Huskony999Huskony999Huskony999Huskony999Huskony999Huskony999Huskony999Huskony999Huskony999Huskony999Huskony999Huskony999Huskony999Huskony999Huskony999Huskony999Huskony999Huskony999Huskony999Huskony999Huskony999Huskony999Huskony999Huskony999Huskony999Huskony999Huskony999Huskony999Huskony999Huskony999Huskony999Huskony999Huskony999Huskony999Huskony999Huskony999Huskony999Huskony999Huskony999Huskony999Huskony999Huskony999Huskony999Huskony999Huskony999Huskony999Huskony999Huskony999Huskony999Huskony999Huskony999Huskony999Huskony999Huskony999Huskony999Huskony999Huskony999Huskony999Huskony999Huskony999Huskony999Huskony999Huskony999Huskony999Huskony999Huskony999Huskony999Huskony999Huskony999Huskony999Huskony999Huskony999Huskony999	2024-05-11 14:40:36.222125+05	9	83	\N	f
448	1	2024-05-13 13:53:11.109231+05	5	84	\N	f
449	2	2024-05-13 13:53:14.119584+05	5	84	\N	f
450	2 1	2024-05-13 13:53:16.049571+05	5	84	449	f
460	dsadsadsadsadsadsadsadsadsadsadsadsadsadsadsadsadsadsadsadsadsadsadsadsadsadsadsadsadsadsadsadsadsadsadsadsadsadsadsadsadsadsadsadsadsadsadsadsadsadsadsadsadsadsadsadsadsadsadsadsadsadsadsadsadsadsadsadsadsadsadsadsadsadsadsadsadsadsadsadsadsadsadsadsadsadsadsadsadsadsadsadsadsadsadsadsadsadsadsadsadsadsadsadsadsadsadsadsadsadsadsadsadsadsadsadsadsa	2024-05-25 17:03:58.32368+05	5	84	\N	f
461	dsadsadsadsadsadsadsadsadsadsadsadsadsadsadsadsadsadsadsadsadsadsadsadsadsadsadsadsadsadsadsadsadsadsadsadsadsadsadsadsadsadsadsadsadsadsadsadsadsadsadsadsadsadsadsadsadsadsadsadsadsadsadsadsadsadsadsadsadsadsadsadsadsadsadsadsadsadsadsadsadsadsadsadsadsadsadsadsadsadsadsadsadsadsadsadsadsadsadsa	2024-05-25 17:04:02.98373+05	5	84	460	f
462	margin-left: 0 margin-left: 0 margin-left: 0 margin-left: 0 margin-left: 0 margin-left: 0 margin-left: 0 margin-left: 0 margin-left: 0 margin-left: 0 margin-left: 0 margin-left: 0 margin-left: 0 margin-left: 0 margin-left: 0 margin-left: 0 margin-left: 0 margin-left: 0 margin-left: 0 margin-left: 0 margin-left: 0 margin-left: 0 margin-left: 0 margin-left: 0 margin-left: 0 margin-left: 0 margin-left: 0 margin-left: 0 margin-left: 0 margin-left: 0	2024-05-25 17:48:41.77271+05	5	83	\N	f
463	margin-left: 0 margin-left: 0 margin-left: 0 margin-left: 0 margin-left: 0 margin-left: 0 margin-left: 0 margin-left: 0 margin-left: 0 margin-left: 0 margin-left: 0 margin-left: 0 margin-left: 0 margin-left: 0 margin-left: 0 margin-left: 0 margin-left: 0 margin-left: 0 margin-left: 0 margin-left: 0 margin-left: 0 margin-left: 0 margin-left: 0 margin-left: 0 margin-left: 0 margin-left: 0 margin-left: 0 margin-left: 0 margin-left: 0 margin-left: 0 margin-left: 0 margin-left: 0 margin-left: 0 margin-left: 0	2024-05-25 17:48:46.173206+05	5	83	462	f
464	margin-left: 0 margin-left: 0 margin-left: 0 margin-left: 0 margin-left: 0 margin-left: 0 margin-left: 0 margin-left: 0 margin-left: 0 margin-left: 0 margin-left: 0 margin-left: 0 margin-left: 0 margin-left: 0 margin-left: 0 margin-left: 0 margin-left: 0 margin-left: 0	2024-05-25 17:48:49.551412+05	5	83	463	f
465	margin-left: 0 margin-left: 0 margin-left: 0 margin-left: 0 margin-left: 0 margin-left: 0 margin-left: 0 margin-left: 0 margin-left: 0 margin-left: 0 margin-left: 0 margin-left: 0 margin-left: 0 margin-left: 0 margin-left: 0 margin-left: 0 margin-left: 0 margin-left: 0 margin-left: 0	2024-05-25 17:48:52.469325+05	5	83	464	f
\.


--
-- Data for Name: news_app_comment_dislikes; Type: TABLE DATA; Schema: public; Owner: django_admin
--

COPY public.news_app_comment_dislikes (id, comment_id, user_id) FROM stdin;
1	258	3
2	339	5
3	426	3
4	428	3
5	429	5
11	433	5
17	438	5
19	450	5
20	448	5
\.


--
-- Data for Name: news_app_comment_likes; Type: TABLE DATA; Schema: public; Owner: django_admin
--

COPY public.news_app_comment_likes (id, comment_id, user_id) FROM stdin;
1	259	3
2	260	7
3	338	5
4	340	5
5	341	5
6	342	5
7	343	5
8	345	3
9	427	3
12	430	5
15	432	5
20	435	5
21	436	5
22	443	5
32	439	5
33	449	5
34	465	5
\.


--
-- Data for Name: news_app_tag; Type: TABLE DATA; Schema: public; Owner: django_admin
--

COPY public.news_app_tag (id, name) FROM stdin;
1	Политика
2	Экономика
3	Общество
4	Культура
5	Спорт
6	Киберспорт
7	Наука
8	Технологии
9	Здоровье
10	Образование
11	Путешествия
12	Кино
13	Музыка
14	Литература
15	Мода
16	Авто
17	Бизнес
18	Инвестиции
19	Видеоигры
20	Интервью
21	Аналитика
22	Разбор событий
\.


--
-- Data for Name: news_app_thread; Type: TABLE DATA; Schema: public; Owner: django_admin
--

COPY public.news_app_thread (id, title, content, published_date, author_id) FROM stdin;
23	IM whats wrong?	hltv.org/stats/players/14759/im?event=71..\r\n\r\nRATING 2.0 - 0.82\r\nAvg.KAST - 57.7%\r\nAvg.ADR - 64.5\r\nAvg.KPR - 0.51\r\n\r\nthis guy used to be an amazing rifler, what happened?	2024-03-25 21:36:51.954+05	3
24	innersh1ne about m0nesy	I will probably give an unpopular opinion about the possible transfer of m0NESY to Cloud9.\r\n\r\nI think this is not the career option that will suit m0nesy.\r\nI think that in C9 he will not be able to produce consistently strong performances; he wont be able to reach his full potential in Cloud9.\r\n\r\nI will assume that C9 as a team, in terms of atmosphere, and in general, is very different from G2.\r\nIn G2, m0NESY has quite freedom and players treat him like a younger brother (I exaggerate, but I think you can say that), in C9 it wont be the same.\r\nAnd if C9 does not have the desired / expected results further, Ilya will be devoured.\r\n\r\nI think good option for hiim would be stay in G2 and wait for upgrades in the current roster. I doubt that G2 wont make changes this season.\r\n\r\nsource: t.me/innersh1necs\r\n\r\nconclusion:\r\n1. based af. He knows CS\r\n2. it still depends on G2, if they wont force any changes, M0nesy should leave anyway.\r\nYou can start from HooXi, and you might find a better player for huNter's spot as well.	2024-04-04 12:23:27.918+05	2
60	1	2	2024-04-24 20:17:03.612+05	5
61	61	61	2024-04-25 13:37:26.939+05	3
66	52	52	2024-04-30 12:20:22.035+05	3
67	1	1	2024-04-30 12:54:37.956+05	5
68	2	2	2024-04-30 12:54:39.863+05	5
69	3	3	2024-04-30 12:54:42.691+05	5
70	4	4	2024-04-30 12:54:45.16+05	5
71	5	5	2024-04-30 12:54:47.296+05	5
72	6	6	2024-04-30 12:54:52.743+05	5
73	7	7	2024-04-30 12:55:01.111+05	5
74	8	8	2024-04-30 12:55:03.414+05	5
75	9	9	2024-04-30 12:55:05.348+05	5
76	10	10	2024-04-30 12:55:16.957+05	5
77	11	11	2024-04-30 12:55:22.479+05	5
78	12	12	2024-04-30 12:55:24.767+05	5
79	13	13	2024-04-30 12:55:26.544+05	5
80	14	14	2024-04-30 12:55:30.901+05	5
81	15	15	2024-04-30 12:55:36.774+05	5
82	16	16	2024-04-30 12:55:40.606+05	5
83	Postgres	Postgres	2024-05-08 16:13:29.654075+05	5
84	Huskony999	Huskony999	2024-05-11 14:37:41.861622+05	9
\.


--
-- Name: auth_group_id_seq; Type: SEQUENCE SET; Schema: public; Owner: django_admin
--

SELECT pg_catalog.setval('public.auth_group_id_seq', 1, true);


--
-- Name: auth_group_permissions_id_seq; Type: SEQUENCE SET; Schema: public; Owner: django_admin
--

SELECT pg_catalog.setval('public.auth_group_permissions_id_seq', 36, true);


--
-- Name: auth_permission_id_seq; Type: SEQUENCE SET; Schema: public; Owner: django_admin
--

SELECT pg_catalog.setval('public.auth_permission_id_seq', 52, true);


--
-- Name: auth_user_groups_id_seq; Type: SEQUENCE SET; Schema: public; Owner: django_admin
--

SELECT pg_catalog.setval('public.auth_user_groups_id_seq', 3, true);


--
-- Name: auth_user_id_seq; Type: SEQUENCE SET; Schema: public; Owner: django_admin
--

SELECT pg_catalog.setval('public.auth_user_id_seq', 10, true);


--
-- Name: auth_user_user_permissions_id_seq; Type: SEQUENCE SET; Schema: public; Owner: django_admin
--

SELECT pg_catalog.setval('public.auth_user_user_permissions_id_seq', 1, false);


--
-- Name: django_admin_log_id_seq; Type: SEQUENCE SET; Schema: public; Owner: django_admin
--

SELECT pg_catalog.setval('public.django_admin_log_id_seq', 32, true);


--
-- Name: django_content_type_id_seq; Type: SEQUENCE SET; Schema: public; Owner: django_admin
--

SELECT pg_catalog.setval('public.django_content_type_id_seq', 13, true);


--
-- Name: django_migrations_id_seq; Type: SEQUENCE SET; Schema: public; Owner: django_admin
--

SELECT pg_catalog.setval('public.django_migrations_id_seq', 39, true);


--
-- Name: news_app_article_id_seq; Type: SEQUENCE SET; Schema: public; Owner: django_admin
--

SELECT pg_catalog.setval('public.news_app_article_id_seq', 89, true);


--
-- Name: news_app_article_tags_id_seq; Type: SEQUENCE SET; Schema: public; Owner: django_admin
--

SELECT pg_catalog.setval('public.news_app_article_tags_id_seq', 34, true);


--
-- Name: news_app_articlecomment_dislikes_id_seq; Type: SEQUENCE SET; Schema: public; Owner: django_admin
--

SELECT pg_catalog.setval('public.news_app_articlecomment_dislikes_id_seq', 14, true);


--
-- Name: news_app_articlecomment_id_seq; Type: SEQUENCE SET; Schema: public; Owner: django_admin
--

SELECT pg_catalog.setval('public.news_app_articlecomment_id_seq', 418, true);


--
-- Name: news_app_articlecomment_likes_id_seq; Type: SEQUENCE SET; Schema: public; Owner: django_admin
--

SELECT pg_catalog.setval('public.news_app_articlecomment_likes_id_seq', 39, true);


--
-- Name: news_app_comment_dislikes_id_seq; Type: SEQUENCE SET; Schema: public; Owner: django_admin
--

SELECT pg_catalog.setval('public.news_app_comment_dislikes_id_seq', 21, true);


--
-- Name: news_app_comment_id_seq; Type: SEQUENCE SET; Schema: public; Owner: django_admin
--

SELECT pg_catalog.setval('public.news_app_comment_id_seq', 465, true);


--
-- Name: news_app_comment_likes_id_seq; Type: SEQUENCE SET; Schema: public; Owner: django_admin
--

SELECT pg_catalog.setval('public.news_app_comment_likes_id_seq', 34, true);


--
-- Name: news_app_tag_id_seq; Type: SEQUENCE SET; Schema: public; Owner: django_admin
--

SELECT pg_catalog.setval('public.news_app_tag_id_seq', 22, true);


--
-- Name: news_app_thread_id_seq; Type: SEQUENCE SET; Schema: public; Owner: django_admin
--

SELECT pg_catalog.setval('public.news_app_thread_id_seq', 88, true);


--
-- Name: auth_group auth_group_name_key; Type: CONSTRAINT; Schema: public; Owner: django_admin
--

ALTER TABLE ONLY public.auth_group
    ADD CONSTRAINT auth_group_name_key UNIQUE (name);


--
-- Name: auth_group_permissions auth_group_permissions_group_id_permission_id_0cd325b0_uniq; Type: CONSTRAINT; Schema: public; Owner: django_admin
--

ALTER TABLE ONLY public.auth_group_permissions
    ADD CONSTRAINT auth_group_permissions_group_id_permission_id_0cd325b0_uniq UNIQUE (group_id, permission_id);


--
-- Name: auth_group_permissions auth_group_permissions_pkey; Type: CONSTRAINT; Schema: public; Owner: django_admin
--

ALTER TABLE ONLY public.auth_group_permissions
    ADD CONSTRAINT auth_group_permissions_pkey PRIMARY KEY (id);


--
-- Name: auth_group auth_group_pkey; Type: CONSTRAINT; Schema: public; Owner: django_admin
--

ALTER TABLE ONLY public.auth_group
    ADD CONSTRAINT auth_group_pkey PRIMARY KEY (id);


--
-- Name: auth_permission auth_permission_content_type_id_codename_01ab375a_uniq; Type: CONSTRAINT; Schema: public; Owner: django_admin
--

ALTER TABLE ONLY public.auth_permission
    ADD CONSTRAINT auth_permission_content_type_id_codename_01ab375a_uniq UNIQUE (content_type_id, codename);


--
-- Name: auth_permission auth_permission_pkey; Type: CONSTRAINT; Schema: public; Owner: django_admin
--

ALTER TABLE ONLY public.auth_permission
    ADD CONSTRAINT auth_permission_pkey PRIMARY KEY (id);


--
-- Name: auth_user_groups auth_user_groups_pkey; Type: CONSTRAINT; Schema: public; Owner: django_admin
--

ALTER TABLE ONLY public.auth_user_groups
    ADD CONSTRAINT auth_user_groups_pkey PRIMARY KEY (id);


--
-- Name: auth_user_groups auth_user_groups_user_id_group_id_94350c0c_uniq; Type: CONSTRAINT; Schema: public; Owner: django_admin
--

ALTER TABLE ONLY public.auth_user_groups
    ADD CONSTRAINT auth_user_groups_user_id_group_id_94350c0c_uniq UNIQUE (user_id, group_id);


--
-- Name: auth_user auth_user_pkey; Type: CONSTRAINT; Schema: public; Owner: django_admin
--

ALTER TABLE ONLY public.auth_user
    ADD CONSTRAINT auth_user_pkey PRIMARY KEY (id);


--
-- Name: auth_user_user_permissions auth_user_user_permissions_pkey; Type: CONSTRAINT; Schema: public; Owner: django_admin
--

ALTER TABLE ONLY public.auth_user_user_permissions
    ADD CONSTRAINT auth_user_user_permissions_pkey PRIMARY KEY (id);


--
-- Name: auth_user_user_permissions auth_user_user_permissions_user_id_permission_id_14a6b632_uniq; Type: CONSTRAINT; Schema: public; Owner: django_admin
--

ALTER TABLE ONLY public.auth_user_user_permissions
    ADD CONSTRAINT auth_user_user_permissions_user_id_permission_id_14a6b632_uniq UNIQUE (user_id, permission_id);


--
-- Name: auth_user auth_user_username_key; Type: CONSTRAINT; Schema: public; Owner: django_admin
--

ALTER TABLE ONLY public.auth_user
    ADD CONSTRAINT auth_user_username_key UNIQUE (username);


--
-- Name: django_admin_log django_admin_log_pkey; Type: CONSTRAINT; Schema: public; Owner: django_admin
--

ALTER TABLE ONLY public.django_admin_log
    ADD CONSTRAINT django_admin_log_pkey PRIMARY KEY (id);


--
-- Name: django_content_type django_content_type_app_label_model_76bd3d3b_uniq; Type: CONSTRAINT; Schema: public; Owner: django_admin
--

ALTER TABLE ONLY public.django_content_type
    ADD CONSTRAINT django_content_type_app_label_model_76bd3d3b_uniq UNIQUE (app_label, model);


--
-- Name: django_content_type django_content_type_pkey; Type: CONSTRAINT; Schema: public; Owner: django_admin
--

ALTER TABLE ONLY public.django_content_type
    ADD CONSTRAINT django_content_type_pkey PRIMARY KEY (id);


--
-- Name: django_migrations django_migrations_pkey; Type: CONSTRAINT; Schema: public; Owner: django_admin
--

ALTER TABLE ONLY public.django_migrations
    ADD CONSTRAINT django_migrations_pkey PRIMARY KEY (id);


--
-- Name: django_session django_session_pkey; Type: CONSTRAINT; Schema: public; Owner: django_admin
--

ALTER TABLE ONLY public.django_session
    ADD CONSTRAINT django_session_pkey PRIMARY KEY (session_key);


--
-- Name: news_app_article news_app_article_pkey; Type: CONSTRAINT; Schema: public; Owner: django_admin
--

ALTER TABLE ONLY public.news_app_article
    ADD CONSTRAINT news_app_article_pkey PRIMARY KEY (id);


--
-- Name: news_app_article_tags news_app_article_tags_article_id_tag_id_d5865b98_uniq; Type: CONSTRAINT; Schema: public; Owner: django_admin
--

ALTER TABLE ONLY public.news_app_article_tags
    ADD CONSTRAINT news_app_article_tags_article_id_tag_id_d5865b98_uniq UNIQUE (article_id, tag_id);


--
-- Name: news_app_article_tags news_app_article_tags_pkey; Type: CONSTRAINT; Schema: public; Owner: django_admin
--

ALTER TABLE ONLY public.news_app_article_tags
    ADD CONSTRAINT news_app_article_tags_pkey PRIMARY KEY (id);


--
-- Name: news_app_articlecomment_likes news_app_articlecomment__articlecomment_id_user_i_c5955828_uniq; Type: CONSTRAINT; Schema: public; Owner: django_admin
--

ALTER TABLE ONLY public.news_app_articlecomment_likes
    ADD CONSTRAINT news_app_articlecomment__articlecomment_id_user_i_c5955828_uniq UNIQUE (articlecomment_id, user_id);


--
-- Name: news_app_articlecomment_dislikes news_app_articlecomment__articlecomment_id_user_i_f916028f_uniq; Type: CONSTRAINT; Schema: public; Owner: django_admin
--

ALTER TABLE ONLY public.news_app_articlecomment_dislikes
    ADD CONSTRAINT news_app_articlecomment__articlecomment_id_user_i_f916028f_uniq UNIQUE (articlecomment_id, user_id);


--
-- Name: news_app_articlecomment_dislikes news_app_articlecomment_dislikes_pkey; Type: CONSTRAINT; Schema: public; Owner: django_admin
--

ALTER TABLE ONLY public.news_app_articlecomment_dislikes
    ADD CONSTRAINT news_app_articlecomment_dislikes_pkey PRIMARY KEY (id);


--
-- Name: news_app_articlecomment_likes news_app_articlecomment_likes_pkey; Type: CONSTRAINT; Schema: public; Owner: django_admin
--

ALTER TABLE ONLY public.news_app_articlecomment_likes
    ADD CONSTRAINT news_app_articlecomment_likes_pkey PRIMARY KEY (id);


--
-- Name: news_app_articlecomment news_app_articlecomment_pkey; Type: CONSTRAINT; Schema: public; Owner: django_admin
--

ALTER TABLE ONLY public.news_app_articlecomment
    ADD CONSTRAINT news_app_articlecomment_pkey PRIMARY KEY (id);


--
-- Name: news_app_comment_dislikes news_app_comment_dislikes_comment_id_user_id_00ef74e2_uniq; Type: CONSTRAINT; Schema: public; Owner: django_admin
--

ALTER TABLE ONLY public.news_app_comment_dislikes
    ADD CONSTRAINT news_app_comment_dislikes_comment_id_user_id_00ef74e2_uniq UNIQUE (comment_id, user_id);


--
-- Name: news_app_comment_dislikes news_app_comment_dislikes_pkey; Type: CONSTRAINT; Schema: public; Owner: django_admin
--

ALTER TABLE ONLY public.news_app_comment_dislikes
    ADD CONSTRAINT news_app_comment_dislikes_pkey PRIMARY KEY (id);


--
-- Name: news_app_comment_likes news_app_comment_likes_comment_id_user_id_1a575ab7_uniq; Type: CONSTRAINT; Schema: public; Owner: django_admin
--

ALTER TABLE ONLY public.news_app_comment_likes
    ADD CONSTRAINT news_app_comment_likes_comment_id_user_id_1a575ab7_uniq UNIQUE (comment_id, user_id);


--
-- Name: news_app_comment_likes news_app_comment_likes_pkey; Type: CONSTRAINT; Schema: public; Owner: django_admin
--

ALTER TABLE ONLY public.news_app_comment_likes
    ADD CONSTRAINT news_app_comment_likes_pkey PRIMARY KEY (id);


--
-- Name: news_app_comment news_app_comment_pkey; Type: CONSTRAINT; Schema: public; Owner: django_admin
--

ALTER TABLE ONLY public.news_app_comment
    ADD CONSTRAINT news_app_comment_pkey PRIMARY KEY (id);


--
-- Name: news_app_tag news_app_tag_name_key; Type: CONSTRAINT; Schema: public; Owner: django_admin
--

ALTER TABLE ONLY public.news_app_tag
    ADD CONSTRAINT news_app_tag_name_key UNIQUE (name);


--
-- Name: news_app_tag news_app_tag_pkey; Type: CONSTRAINT; Schema: public; Owner: django_admin
--

ALTER TABLE ONLY public.news_app_tag
    ADD CONSTRAINT news_app_tag_pkey PRIMARY KEY (id);


--
-- Name: news_app_thread news_app_thread_pkey; Type: CONSTRAINT; Schema: public; Owner: django_admin
--

ALTER TABLE ONLY public.news_app_thread
    ADD CONSTRAINT news_app_thread_pkey PRIMARY KEY (id);


--
-- Name: auth_group_name_a6ea08ec_like; Type: INDEX; Schema: public; Owner: django_admin
--

CREATE INDEX auth_group_name_a6ea08ec_like ON public.auth_group USING btree (name varchar_pattern_ops);


--
-- Name: auth_group_permissions_group_id_b120cbf9; Type: INDEX; Schema: public; Owner: django_admin
--

CREATE INDEX auth_group_permissions_group_id_b120cbf9 ON public.auth_group_permissions USING btree (group_id);


--
-- Name: auth_group_permissions_permission_id_84c5c92e; Type: INDEX; Schema: public; Owner: django_admin
--

CREATE INDEX auth_group_permissions_permission_id_84c5c92e ON public.auth_group_permissions USING btree (permission_id);


--
-- Name: auth_permission_content_type_id_2f476e4b; Type: INDEX; Schema: public; Owner: django_admin
--

CREATE INDEX auth_permission_content_type_id_2f476e4b ON public.auth_permission USING btree (content_type_id);


--
-- Name: auth_user_groups_group_id_97559544; Type: INDEX; Schema: public; Owner: django_admin
--

CREATE INDEX auth_user_groups_group_id_97559544 ON public.auth_user_groups USING btree (group_id);


--
-- Name: auth_user_groups_user_id_6a12ed8b; Type: INDEX; Schema: public; Owner: django_admin
--

CREATE INDEX auth_user_groups_user_id_6a12ed8b ON public.auth_user_groups USING btree (user_id);


--
-- Name: auth_user_user_permissions_permission_id_1fbb5f2c; Type: INDEX; Schema: public; Owner: django_admin
--

CREATE INDEX auth_user_user_permissions_permission_id_1fbb5f2c ON public.auth_user_user_permissions USING btree (permission_id);


--
-- Name: auth_user_user_permissions_user_id_a95ead1b; Type: INDEX; Schema: public; Owner: django_admin
--

CREATE INDEX auth_user_user_permissions_user_id_a95ead1b ON public.auth_user_user_permissions USING btree (user_id);


--
-- Name: auth_user_username_6821ab7c_like; Type: INDEX; Schema: public; Owner: django_admin
--

CREATE INDEX auth_user_username_6821ab7c_like ON public.auth_user USING btree (username varchar_pattern_ops);


--
-- Name: django_admin_log_content_type_id_c4bce8eb; Type: INDEX; Schema: public; Owner: django_admin
--

CREATE INDEX django_admin_log_content_type_id_c4bce8eb ON public.django_admin_log USING btree (content_type_id);


--
-- Name: django_admin_log_user_id_c564eba6; Type: INDEX; Schema: public; Owner: django_admin
--

CREATE INDEX django_admin_log_user_id_c564eba6 ON public.django_admin_log USING btree (user_id);


--
-- Name: django_session_expire_date_a5c62663; Type: INDEX; Schema: public; Owner: django_admin
--

CREATE INDEX django_session_expire_date_a5c62663 ON public.django_session USING btree (expire_date);


--
-- Name: django_session_session_key_c0390e0f_like; Type: INDEX; Schema: public; Owner: django_admin
--

CREATE INDEX django_session_session_key_c0390e0f_like ON public.django_session USING btree (session_key varchar_pattern_ops);


--
-- Name: news_app_article_tags_article_id_e14b5980; Type: INDEX; Schema: public; Owner: django_admin
--

CREATE INDEX news_app_article_tags_article_id_e14b5980 ON public.news_app_article_tags USING btree (article_id);


--
-- Name: news_app_article_tags_tag_id_a204061c; Type: INDEX; Schema: public; Owner: django_admin
--

CREATE INDEX news_app_article_tags_tag_id_a204061c ON public.news_app_article_tags USING btree (tag_id);


--
-- Name: news_app_articlecomment_article_id_7cd5568a; Type: INDEX; Schema: public; Owner: django_admin
--

CREATE INDEX news_app_articlecomment_article_id_7cd5568a ON public.news_app_articlecomment USING btree (article_id);


--
-- Name: news_app_articlecomment_author_id_6fdb3ab2; Type: INDEX; Schema: public; Owner: django_admin
--

CREATE INDEX news_app_articlecomment_author_id_6fdb3ab2 ON public.news_app_articlecomment USING btree (author_id);


--
-- Name: news_app_articlecomment_dislikes_articlecomment_id_3387fa0e; Type: INDEX; Schema: public; Owner: django_admin
--

CREATE INDEX news_app_articlecomment_dislikes_articlecomment_id_3387fa0e ON public.news_app_articlecomment_dislikes USING btree (articlecomment_id);


--
-- Name: news_app_articlecomment_dislikes_user_id_83ca2264; Type: INDEX; Schema: public; Owner: django_admin
--

CREATE INDEX news_app_articlecomment_dislikes_user_id_83ca2264 ON public.news_app_articlecomment_dislikes USING btree (user_id);


--
-- Name: news_app_articlecomment_likes_articlecomment_id_c75bbd35; Type: INDEX; Schema: public; Owner: django_admin
--

CREATE INDEX news_app_articlecomment_likes_articlecomment_id_c75bbd35 ON public.news_app_articlecomment_likes USING btree (articlecomment_id);


--
-- Name: news_app_articlecomment_likes_user_id_899317dc; Type: INDEX; Schema: public; Owner: django_admin
--

CREATE INDEX news_app_articlecomment_likes_user_id_899317dc ON public.news_app_articlecomment_likes USING btree (user_id);


--
-- Name: news_app_articlecomment_parent_id_06058daf; Type: INDEX; Schema: public; Owner: django_admin
--

CREATE INDEX news_app_articlecomment_parent_id_06058daf ON public.news_app_articlecomment USING btree (parent_id);


--
-- Name: news_app_comment_author_id_35c23776; Type: INDEX; Schema: public; Owner: django_admin
--

CREATE INDEX news_app_comment_author_id_35c23776 ON public.news_app_comment USING btree (author_id);


--
-- Name: news_app_comment_dislikes_comment_id_a2d2c74f; Type: INDEX; Schema: public; Owner: django_admin
--

CREATE INDEX news_app_comment_dislikes_comment_id_a2d2c74f ON public.news_app_comment_dislikes USING btree (comment_id);


--
-- Name: news_app_comment_dislikes_user_id_934c9ce8; Type: INDEX; Schema: public; Owner: django_admin
--

CREATE INDEX news_app_comment_dislikes_user_id_934c9ce8 ON public.news_app_comment_dislikes USING btree (user_id);


--
-- Name: news_app_comment_likes_comment_id_44182416; Type: INDEX; Schema: public; Owner: django_admin
--

CREATE INDEX news_app_comment_likes_comment_id_44182416 ON public.news_app_comment_likes USING btree (comment_id);


--
-- Name: news_app_comment_likes_user_id_5f826afd; Type: INDEX; Schema: public; Owner: django_admin
--

CREATE INDEX news_app_comment_likes_user_id_5f826afd ON public.news_app_comment_likes USING btree (user_id);


--
-- Name: news_app_comment_parent_id_f0ae91c1; Type: INDEX; Schema: public; Owner: django_admin
--

CREATE INDEX news_app_comment_parent_id_f0ae91c1 ON public.news_app_comment USING btree (parent_id);


--
-- Name: news_app_comment_thread_id_c168cae0; Type: INDEX; Schema: public; Owner: django_admin
--

CREATE INDEX news_app_comment_thread_id_c168cae0 ON public.news_app_comment USING btree (thread_id);


--
-- Name: news_app_tag_name_eacd3cac_like; Type: INDEX; Schema: public; Owner: django_admin
--

CREATE INDEX news_app_tag_name_eacd3cac_like ON public.news_app_tag USING btree (name varchar_pattern_ops);


--
-- Name: news_app_thread_author_id_71ee964a; Type: INDEX; Schema: public; Owner: django_admin
--

CREATE INDEX news_app_thread_author_id_71ee964a ON public.news_app_thread USING btree (author_id);


--
-- Name: auth_group_permissions auth_group_permissio_permission_id_84c5c92e_fk_auth_perm; Type: FK CONSTRAINT; Schema: public; Owner: django_admin
--

ALTER TABLE ONLY public.auth_group_permissions
    ADD CONSTRAINT auth_group_permissio_permission_id_84c5c92e_fk_auth_perm FOREIGN KEY (permission_id) REFERENCES public.auth_permission(id) DEFERRABLE INITIALLY DEFERRED;


--
-- Name: auth_group_permissions auth_group_permissions_group_id_b120cbf9_fk_auth_group_id; Type: FK CONSTRAINT; Schema: public; Owner: django_admin
--

ALTER TABLE ONLY public.auth_group_permissions
    ADD CONSTRAINT auth_group_permissions_group_id_b120cbf9_fk_auth_group_id FOREIGN KEY (group_id) REFERENCES public.auth_group(id) DEFERRABLE INITIALLY DEFERRED;


--
-- Name: auth_permission auth_permission_content_type_id_2f476e4b_fk_django_co; Type: FK CONSTRAINT; Schema: public; Owner: django_admin
--

ALTER TABLE ONLY public.auth_permission
    ADD CONSTRAINT auth_permission_content_type_id_2f476e4b_fk_django_co FOREIGN KEY (content_type_id) REFERENCES public.django_content_type(id) DEFERRABLE INITIALLY DEFERRED;


--
-- Name: auth_user_groups auth_user_groups_group_id_97559544_fk_auth_group_id; Type: FK CONSTRAINT; Schema: public; Owner: django_admin
--

ALTER TABLE ONLY public.auth_user_groups
    ADD CONSTRAINT auth_user_groups_group_id_97559544_fk_auth_group_id FOREIGN KEY (group_id) REFERENCES public.auth_group(id) DEFERRABLE INITIALLY DEFERRED;


--
-- Name: auth_user_groups auth_user_groups_user_id_6a12ed8b_fk_auth_user_id; Type: FK CONSTRAINT; Schema: public; Owner: django_admin
--

ALTER TABLE ONLY public.auth_user_groups
    ADD CONSTRAINT auth_user_groups_user_id_6a12ed8b_fk_auth_user_id FOREIGN KEY (user_id) REFERENCES public.auth_user(id) DEFERRABLE INITIALLY DEFERRED;


--
-- Name: auth_user_user_permissions auth_user_user_permi_permission_id_1fbb5f2c_fk_auth_perm; Type: FK CONSTRAINT; Schema: public; Owner: django_admin
--

ALTER TABLE ONLY public.auth_user_user_permissions
    ADD CONSTRAINT auth_user_user_permi_permission_id_1fbb5f2c_fk_auth_perm FOREIGN KEY (permission_id) REFERENCES public.auth_permission(id) DEFERRABLE INITIALLY DEFERRED;


--
-- Name: auth_user_user_permissions auth_user_user_permissions_user_id_a95ead1b_fk_auth_user_id; Type: FK CONSTRAINT; Schema: public; Owner: django_admin
--

ALTER TABLE ONLY public.auth_user_user_permissions
    ADD CONSTRAINT auth_user_user_permissions_user_id_a95ead1b_fk_auth_user_id FOREIGN KEY (user_id) REFERENCES public.auth_user(id) DEFERRABLE INITIALLY DEFERRED;


--
-- Name: django_admin_log django_admin_log_content_type_id_c4bce8eb_fk_django_co; Type: FK CONSTRAINT; Schema: public; Owner: django_admin
--

ALTER TABLE ONLY public.django_admin_log
    ADD CONSTRAINT django_admin_log_content_type_id_c4bce8eb_fk_django_co FOREIGN KEY (content_type_id) REFERENCES public.django_content_type(id) DEFERRABLE INITIALLY DEFERRED;


--
-- Name: django_admin_log django_admin_log_user_id_c564eba6_fk_auth_user_id; Type: FK CONSTRAINT; Schema: public; Owner: django_admin
--

ALTER TABLE ONLY public.django_admin_log
    ADD CONSTRAINT django_admin_log_user_id_c564eba6_fk_auth_user_id FOREIGN KEY (user_id) REFERENCES public.auth_user(id) DEFERRABLE INITIALLY DEFERRED;


--
-- Name: news_app_article_tags news_app_article_tag_article_id_e14b5980_fk_news_app_; Type: FK CONSTRAINT; Schema: public; Owner: django_admin
--

ALTER TABLE ONLY public.news_app_article_tags
    ADD CONSTRAINT news_app_article_tag_article_id_e14b5980_fk_news_app_ FOREIGN KEY (article_id) REFERENCES public.news_app_article(id) DEFERRABLE INITIALLY DEFERRED;


--
-- Name: news_app_article_tags news_app_article_tags_tag_id_a204061c_fk_news_app_tag_id; Type: FK CONSTRAINT; Schema: public; Owner: django_admin
--

ALTER TABLE ONLY public.news_app_article_tags
    ADD CONSTRAINT news_app_article_tags_tag_id_a204061c_fk_news_app_tag_id FOREIGN KEY (tag_id) REFERENCES public.news_app_tag(id) DEFERRABLE INITIALLY DEFERRED;


--
-- Name: news_app_articlecomment news_app_articlecomm_article_id_7cd5568a_fk_news_app_; Type: FK CONSTRAINT; Schema: public; Owner: django_admin
--

ALTER TABLE ONLY public.news_app_articlecomment
    ADD CONSTRAINT news_app_articlecomm_article_id_7cd5568a_fk_news_app_ FOREIGN KEY (article_id) REFERENCES public.news_app_article(id) DEFERRABLE INITIALLY DEFERRED;


--
-- Name: news_app_articlecomment_dislikes news_app_articlecomm_articlecomment_id_3387fa0e_fk_news_app_; Type: FK CONSTRAINT; Schema: public; Owner: django_admin
--

ALTER TABLE ONLY public.news_app_articlecomment_dislikes
    ADD CONSTRAINT news_app_articlecomm_articlecomment_id_3387fa0e_fk_news_app_ FOREIGN KEY (articlecomment_id) REFERENCES public.news_app_articlecomment(id) DEFERRABLE INITIALLY DEFERRED;


--
-- Name: news_app_articlecomment_likes news_app_articlecomm_articlecomment_id_c75bbd35_fk_news_app_; Type: FK CONSTRAINT; Schema: public; Owner: django_admin
--

ALTER TABLE ONLY public.news_app_articlecomment_likes
    ADD CONSTRAINT news_app_articlecomm_articlecomment_id_c75bbd35_fk_news_app_ FOREIGN KEY (articlecomment_id) REFERENCES public.news_app_articlecomment(id) DEFERRABLE INITIALLY DEFERRED;


--
-- Name: news_app_articlecomment news_app_articlecomm_parent_id_06058daf_fk_news_app_; Type: FK CONSTRAINT; Schema: public; Owner: django_admin
--

ALTER TABLE ONLY public.news_app_articlecomment
    ADD CONSTRAINT news_app_articlecomm_parent_id_06058daf_fk_news_app_ FOREIGN KEY (parent_id) REFERENCES public.news_app_articlecomment(id) DEFERRABLE INITIALLY DEFERRED;


--
-- Name: news_app_articlecomment_dislikes news_app_articlecomm_user_id_83ca2264_fk_auth_user; Type: FK CONSTRAINT; Schema: public; Owner: django_admin
--

ALTER TABLE ONLY public.news_app_articlecomment_dislikes
    ADD CONSTRAINT news_app_articlecomm_user_id_83ca2264_fk_auth_user FOREIGN KEY (user_id) REFERENCES public.auth_user(id) DEFERRABLE INITIALLY DEFERRED;


--
-- Name: news_app_articlecomment news_app_articlecomment_author_id_6fdb3ab2_fk_auth_user_id; Type: FK CONSTRAINT; Schema: public; Owner: django_admin
--

ALTER TABLE ONLY public.news_app_articlecomment
    ADD CONSTRAINT news_app_articlecomment_author_id_6fdb3ab2_fk_auth_user_id FOREIGN KEY (author_id) REFERENCES public.auth_user(id) DEFERRABLE INITIALLY DEFERRED;


--
-- Name: news_app_articlecomment_likes news_app_articlecomment_likes_user_id_899317dc_fk_auth_user_id; Type: FK CONSTRAINT; Schema: public; Owner: django_admin
--

ALTER TABLE ONLY public.news_app_articlecomment_likes
    ADD CONSTRAINT news_app_articlecomment_likes_user_id_899317dc_fk_auth_user_id FOREIGN KEY (user_id) REFERENCES public.auth_user(id) DEFERRABLE INITIALLY DEFERRED;


--
-- Name: news_app_comment news_app_comment_author_id_35c23776_fk_auth_user_id; Type: FK CONSTRAINT; Schema: public; Owner: django_admin
--

ALTER TABLE ONLY public.news_app_comment
    ADD CONSTRAINT news_app_comment_author_id_35c23776_fk_auth_user_id FOREIGN KEY (author_id) REFERENCES public.auth_user(id) DEFERRABLE INITIALLY DEFERRED;


--
-- Name: news_app_comment_dislikes news_app_comment_dis_comment_id_a2d2c74f_fk_news_app_; Type: FK CONSTRAINT; Schema: public; Owner: django_admin
--

ALTER TABLE ONLY public.news_app_comment_dislikes
    ADD CONSTRAINT news_app_comment_dis_comment_id_a2d2c74f_fk_news_app_ FOREIGN KEY (comment_id) REFERENCES public.news_app_comment(id) DEFERRABLE INITIALLY DEFERRED;


--
-- Name: news_app_comment_dislikes news_app_comment_dislikes_user_id_934c9ce8_fk_auth_user_id; Type: FK CONSTRAINT; Schema: public; Owner: django_admin
--

ALTER TABLE ONLY public.news_app_comment_dislikes
    ADD CONSTRAINT news_app_comment_dislikes_user_id_934c9ce8_fk_auth_user_id FOREIGN KEY (user_id) REFERENCES public.auth_user(id) DEFERRABLE INITIALLY DEFERRED;


--
-- Name: news_app_comment_likes news_app_comment_lik_comment_id_44182416_fk_news_app_; Type: FK CONSTRAINT; Schema: public; Owner: django_admin
--

ALTER TABLE ONLY public.news_app_comment_likes
    ADD CONSTRAINT news_app_comment_lik_comment_id_44182416_fk_news_app_ FOREIGN KEY (comment_id) REFERENCES public.news_app_comment(id) DEFERRABLE INITIALLY DEFERRED;


--
-- Name: news_app_comment_likes news_app_comment_likes_user_id_5f826afd_fk_auth_user_id; Type: FK CONSTRAINT; Schema: public; Owner: django_admin
--

ALTER TABLE ONLY public.news_app_comment_likes
    ADD CONSTRAINT news_app_comment_likes_user_id_5f826afd_fk_auth_user_id FOREIGN KEY (user_id) REFERENCES public.auth_user(id) DEFERRABLE INITIALLY DEFERRED;


--
-- Name: news_app_comment news_app_comment_parent_id_f0ae91c1_fk_news_app_comment_id; Type: FK CONSTRAINT; Schema: public; Owner: django_admin
--

ALTER TABLE ONLY public.news_app_comment
    ADD CONSTRAINT news_app_comment_parent_id_f0ae91c1_fk_news_app_comment_id FOREIGN KEY (parent_id) REFERENCES public.news_app_comment(id) DEFERRABLE INITIALLY DEFERRED;


--
-- Name: news_app_comment news_app_comment_thread_id_c168cae0_fk_news_app_thread_id; Type: FK CONSTRAINT; Schema: public; Owner: django_admin
--

ALTER TABLE ONLY public.news_app_comment
    ADD CONSTRAINT news_app_comment_thread_id_c168cae0_fk_news_app_thread_id FOREIGN KEY (thread_id) REFERENCES public.news_app_thread(id) DEFERRABLE INITIALLY DEFERRED;


--
-- Name: news_app_thread news_app_thread_author_id_71ee964a_fk_auth_user_id; Type: FK CONSTRAINT; Schema: public; Owner: django_admin
--

ALTER TABLE ONLY public.news_app_thread
    ADD CONSTRAINT news_app_thread_author_id_71ee964a_fk_auth_user_id FOREIGN KEY (author_id) REFERENCES public.auth_user(id) DEFERRABLE INITIALLY DEFERRED;


--
-- Name: SCHEMA public; Type: ACL; Schema: -; Owner: pg_database_owner
--

GRANT ALL ON SCHEMA public TO django_admin;


--
-- PostgreSQL database dump complete
--

